﻿,Unnamed: 0,Age,Gender,Item Purchased,Category,Purchase Amount (USD),Location,Season,Review Rating,Subscription Status,Payment Method,Shipping Type,Discount Applied,Promo Code Used,Previous Purchases,Preferred Payment Method,Frequency of Purchases,Cluster
1843,1843,36,Male,Williams F1 Team T-shirt,Clothing,33.63040841508246,Kentucky,Fall,4.7,No,Bank Transfer,Next Day Air,No,No,32,Credit Card,Monthly,1
1004,1004,33,Male,Williams F1 Team Laptop Sleeve,Tech Gear,36.81859914346504,Tennessee,Summer,4.8,Yes,Cash,2-Day Shipping,Yes,Yes,44,Cash,Annually,1
1303,1303,34,Male,Williams F1 Team Lanyard,Accessories,7.806957583619953,New York,Summer,3.1,No,Venmo,Next Day Air,Yes,Yes,10,Credit Card,Annually,1
1680,1680,61,Male,Williams F1 Team Mug,Drinkware,9.76729985895278,Louisiana,Summer,3.4,No,Credit Card,Store Pickup,No,No,6,Credit Card,Annually,2
3314,3314,55,Female,Williams F1 Team Hoodie,Clothing,58.23284225372135,Kansas,Spring,3.3,No,PayPal,Standard,No,No,8,Credit Card,Quarterly,0
3570,3570,23,Female,Williams F1 Team Backpack,Accessories,73.1731082162507,Louisiana,Winter,4.7,No,PayPal,Standard,No,No,32,Debit Card,Annually,0
489,489,49,Male,Williams F1 Team Polo Shirt,Clothing,53.00355566172006,South Dakota,Summer,3.2,Yes,Venmo,Standard,Yes,Yes,40,PayPal,Annually,0
777,777,55,Male,Williams F1 Team Lanyard,Accessories,6.483852183282017,Wyoming,Spring,2.5,Yes,Credit Card,Express,Yes,Yes,37,Venmo,Weekly,2
231,231,28,Male,Williams F1 Team Wristband,Accessories,4.659776309604206,Tennessee,Spring,3.1,Yes,Bank Transfer,2-Day Shipping,Yes,Yes,18,Debit Card,Every 3 Months,1
3883,3883,34,Female,Williams F1 Team Mug,Drinkware,9.113171404141408,North Dakota,Fall,4,No,Bank Transfer,Next Day Air,No,No,22,Cash,Fortnightly,1
3754,3754,46,Female,Williams F1 Team Socks,Clothing,11.95237661754634,Nebraska,Summer,4.4,No,PayPal,Express,No,No,10,Cash,Every 3 Months,2
2986,2986,62,Female,Williams F1 Team Polo Shirt,Clothing,54.22854031980937,Arizona,Summer,3.3,No,Credit Card,2-Day Shipping,No,No,16,Credit Card,Monthly,2
1317,1317,28,Male,Williams F1 Team Water Bottle,Drinkware,12.794262814380726,Kentucky,Spring,2.8,No,Credit Card,Free Shipping,Yes,Yes,19,Cash,Monthly,1
2759,2759,68,Female,Williams F1 Team Scarf,Clothing,25.049468127346668,Washington,Summer,3.9,No,Credit Card,Free Shipping,No,No,42,Cash,Every 3 Months,2
972,972,61,Male,Williams F1 Team Scarf,Clothing,23.18002343786012,Colorado,Winter,3,Yes,Venmo,Standard,Yes,Yes,33,Credit Card,Weekly,2
176,176,53,Male,Williams F1 Team Laptop Sleeve,Tech Gear,33.866678414031774,New Hampshire,Spring,2.7,Yes,Bank Transfer,Next Day Air,Yes,Yes,30,Credit Card,Quarterly,2
3232,3232,45,Female,Williams F1 Team Keychain,Accessories,8.116569546288225,Massachusetts,Spring,4,No,PayPal,Next Day Air,No,No,19,Bank Transfer,Monthly,2
936,936,31,Male,Williams F1 Team Umbrella,Accessories,34.98607067148698,Maine,Summer,2.7,Yes,Debit Card,Free Shipping,Yes,Yes,28,Cash,Weekly,1
856,856,55,Male,Williams F1 Team Keychain,Accessories,7.294950035329385,Alaska,Summer,3.5,Yes,Debit Card,Express,Yes,Yes,47,Debit Card,Fortnightly,2
3614,3614,46,Female,Williams F1 Team Wristband,Accessories,4.912578335337993,Delaware,Spring,4.7,No,Bank Transfer,2-Day Shipping,No,No,19,Bank Transfer,Annually,2
3256,3256,60,Female,Williams F1 Team Wristband,Accessories,4.74332545399883,Wisconsin,Winter,4.7,No,Cash,Free Shipping,No,No,50,Venmo,Every 3 Months,2
2632,2632,24,Male,Williams F1 Team Pin Badge,Accessories,5.890206583532246,Alaska,Fall,5,No,Venmo,Next Day Air,No,No,14,Cash,Annually,1
666,666,35,Male,Williams F1 Team Wristband,Accessories,5.31381641848923,Colorado,Winter,3.1,Yes,Cash,Free Shipping,Yes,Yes,30,Debit Card,Quarterly,1
1122,1122,70,Male,Williams F1 Team Scarf,Clothing,27.148430282013468,North Carolina,Spring,4.3,No,PayPal,2-Day Shipping,Yes,Yes,12,Credit Card,Annually,2
2129,2129,40,Male,Williams F1 Team Travel Mug,Drinkware,22.43467982182181,Minnesota,Fall,2.8,No,Credit Card,Store Pickup,No,No,12,PayPal,Every 3 Months,1
3374,3374,22,Female,Williams F1 Team Poster,Miscellaneous,16.620188437048082,Nevada,Spring,3.7,No,Debit Card,2-Day Shipping,No,No,41,Debit Card,Annually,1
128,128,20,Male,Williams F1 Team Lanyard,Accessories,6.037049988513161,California,Spring,4.7,Yes,Venmo,Standard,Yes,Yes,21,Credit Card,Fortnightly,1
3731,3731,54,Female,Williams F1 Team Scarf,Clothing,23.61056806854915,West Virginia,Spring,3.1,No,Credit Card,2-Day Shipping,No,No,45,PayPal,Quarterly,2
1971,1971,54,Male,Williams F1 Team Pin Badge,Accessories,6.762397381991539,Pennsylvania,Spring,3.4,No,PayPal,Next Day Air,No,No,1,Venmo,Monthly,2
3099,3099,42,Female,Williams F1 Team Jacket,Clothing,107.11375823924848,Michigan,Fall,2.9,No,Venmo,Free Shipping,No,No,21,Bank Transfer,Bi-Weekly,0
2990,2990,69,Female,Williams F1 Team Sunglasses,Accessories,58.64939468090292,Illinois,Fall,4.2,No,Venmo,Free Shipping,No,No,24,Venmo,Monthly,2
2139,2139,40,Male,Williams F1 Team Backpack,Accessories,72.66089576219667,New York,Winter,3,No,Credit Card,Free Shipping,No,No,33,Cash,Weekly,0
649,649,53,Male,Williams F1 Team Hoodie,Clothing,61.34611747285173,Delaware,Spring,4.2,Yes,Credit Card,Store Pickup,Yes,Yes,33,PayPal,Every 3 Months,0
3225,3225,53,Female,Williams F1 Team Jacket,Clothing,95.84190354704988,New Hampshire,Fall,3,No,Credit Card,Store Pickup,No,No,31,Credit Card,Weekly,0
3136,3136,58,Female,Williams F1 Team Lanyard,Accessories,7.359142586759044,Minnesota,Fall,3.1,No,Bank Transfer,Next Day Air,No,No,29,Cash,Bi-Weekly,2
1926,1926,66,Male,Williams F1 Team Hoodie,Clothing,56.24398927476663,New Mexico,Spring,3,No,Venmo,Express,No,No,6,PayPal,Annually,2
1023,1023,61,Male,Williams F1 Team Cap,Clothing,29.40687339227681,Maine,Winter,3.5,Yes,Bank Transfer,Free Shipping,Yes,Yes,29,Bank Transfer,Every 3 Months,2
3509,3509,50,Female,Williams F1 Team Sticker Pack,Miscellaneous,4.568468634029322,Ohio,Winter,4.3,No,Cash,Next Day Air,No,No,43,Venmo,Bi-Weekly,2
2377,2377,44,Male,Williams F1 Team Hoodie,Clothing,70.2936856345301,South Dakota,Fall,4,No,Venmo,Next Day Air,No,No,22,Cash,Annually,0
2021,2021,62,Male,Williams F1 Team Keychain,Accessories,8.016962574776265,Maine,Winter,4.4,No,Debit Card,Standard,No,No,48,Venmo,Quarterly,2
1654,1654,43,Male,Williams F1 Team Wristband,Accessories,4.54376217746466,Indiana,Spring,2.6,No,Venmo,Store Pickup,Yes,Yes,14,Credit Card,Quarterly,1
668,668,49,Male,Williams F1 Team Polo Shirt,Clothing,48.64736493670125,Hawaii,Fall,2.9,Yes,Credit Card,Express,Yes,Yes,35,Bank Transfer,Monthly,0
3405,3405,28,Female,Williams F1 Team Polo Shirt,Clothing,47.90998236381024,Washington,Summer,4.2,No,Venmo,Store Pickup,No,No,47,Bank Transfer,Bi-Weekly,1
619,619,19,Male,Williams F1 Team Keychain,Accessories,8.083458093845683,Nebraska,Summer,4.6,Yes,Debit Card,Store Pickup,Yes,Yes,1,Debit Card,Every 3 Months,1
2335,2335,31,Male,Williams F1 Team Mug,Drinkware,9.326141006273817,Idaho,Summer,3.9,No,Venmo,Store Pickup,No,No,10,Venmo,Fortnightly,1
212,212,67,Male,Williams F1 Team Umbrella,Accessories,45.34150400832775,Virginia,Fall,4.2,Yes,Venmo,Express,Yes,Yes,7,Debit Card,Annually,2
2077,2077,64,Male,Williams F1 Team Keychain,Accessories,7.972386434354686,Nebraska,Fall,3.3,No,Bank Transfer,Free Shipping,No,No,26,Bank Transfer,Annually,2
316,316,36,Male,Williams F1 Team Sticker Pack,Miscellaneous,4.965975574379301,California,Fall,3.3,Yes,Bank Transfer,Free Shipping,Yes,Yes,46,Venmo,Monthly,1
641,641,47,Male,Williams F1 Team T-shirt,Clothing,38.33222305582423,Alaska,Winter,3.9,Yes,Venmo,2-Day Shipping,Yes,Yes,23,Credit Card,Every 3 Months,2
3214,3214,53,Female,Williams F1 Team T-shirt,Clothing,30.87494523044234,Washington,Spring,3.1,No,Bank Transfer,Free Shipping,No,No,6,Debit Card,Annually,2
1805,1805,41,Male,Williams F1 Team Scarf,Clothing,22.2106893541815,Arizona,Spring,4.9,No,Venmo,Store Pickup,No,No,46,Debit Card,Weekly,1
3160,3160,28,Female,Williams F1 Team Polo Shirt,Clothing,43.34095238068889,Nebraska,Fall,3.8,No,Debit Card,Next Day Air,No,No,37,Cash,Fortnightly,1
1431,1431,39,Male,Williams F1 Team Polo Shirt,Clothing,53.26575982911933,South Dakota,Fall,2.9,No,Bank Transfer,Express,Yes,Yes,29,Venmo,Quarterly,0
2290,2290,37,Male,Williams F1 Team Poster,Miscellaneous,16.027192064981595,Kansas,Winter,3.3,No,Venmo,Standard,No,No,23,PayPal,Quarterly,1
1813,1813,40,Male,Williams F1 Team Scarf,Clothing,27.697433464976644,Illinois,Spring,3.5,No,Credit Card,Free Shipping,No,No,24,PayPal,Weekly,1
3330,3330,38,Female,Williams F1 Team Backpack,Accessories,84.18511904848013,Missouri,Spring,3.2,No,PayPal,2-Day Shipping,No,No,41,Bank Transfer,Quarterly,0
1151,1151,41,Male,Williams F1 Team Polo Shirt,Clothing,42.98432804096463,Ohio,Spring,4.2,No,Bank Transfer,Express,Yes,Yes,24,Credit Card,Weekly,1
3762,3762,65,Female,Williams F1 Team Hoodie,Clothing,73.90613573060473,New York,Fall,2.9,No,Venmo,Store Pickup,No,No,13,PayPal,Annually,0
3251,3251,25,Female,Williams F1 Team Sticker Pack,Miscellaneous,5.32782679669088,Nevada,Winter,3.7,No,Debit Card,Standard,No,No,39,Venmo,Quarterly,1
1335,1335,56,Male,Williams F1 Team Beanie,Clothing,22.26455403401788,Nevada,Fall,4.8,No,Credit Card,2-Day Shipping,Yes,Yes,26,Credit Card,Weekly,2
418,418,18,Male,Williams F1 Team Desk Mat,Tech Gear,27.16695120711123,Illinois,Spring,3,Yes,Cash,Standard,Yes,Yes,27,Venmo,Bi-Weekly,1
3730,3730,46,Female,Williams F1 Team Laptop Sleeve,Tech Gear,30.99285479297609,Florida,Summer,2.5,No,Bank Transfer,2-Day Shipping,No,No,3,Credit Card,Bi-Weekly,2
2598,2598,64,Male,Williams F1 Team Polo Shirt,Clothing,54.21160646675804,Nevada,Fall,3.3,No,Credit Card,Express,No,No,31,Debit Card,Annually,2
2662,2662,25,Female,Williams F1 Team Jacket,Clothing,98.57747921663112,Nebraska,Summer,2.8,No,PayPal,2-Day Shipping,No,No,44,PayPal,Fortnightly,0
2581,2581,57,Male,Williams F1 Team Laptop Sleeve,Tech Gear,33.661511998974824,Wyoming,Winter,4.7,No,Bank Transfer,Express,No,No,48,Credit Card,Monthly,2
125,125,49,Male,Williams F1 Team Phone Case,Tech Gear,19.64199074523841,California,Winter,3.6,Yes,Cash,Next Day Air,Yes,Yes,45,Venmo,Every 3 Months,2
761,761,57,Male,Williams F1 Team Sunglasses,Accessories,62.44858598429441,Nevada,Fall,4.2,Yes,Credit Card,Express,Yes,Yes,26,Bank Transfer,Weekly,0
1579,1579,35,Male,Williams F1 Team Laptop Sleeve,Tech Gear,32.09794687288523,Oklahoma,Summer,3.1,No,Cash,Free Shipping,Yes,Yes,6,Bank Transfer,Monthly,1
782,782,28,Male,Williams F1 Team Travel Mug,Drinkware,21.63101739929408,Hawaii,Summer,4.5,Yes,PayPal,Standard,Yes,Yes,15,Cash,Weekly,1
2603,2603,69,Male,Williams F1 Team Travel Mug,Drinkware,18.25970458308016,Washington,Spring,2.7,No,Debit Card,2-Day Shipping,No,No,8,Cash,Annually,2
3806,3806,18,Female,Williams F1 Team Cap,Clothing,25.868263616165507,Missouri,Spring,3,No,Cash,Standard,No,No,41,PayPal,Weekly,1
1294,1294,27,Male,Williams F1 Team Flag,Accessories,21.74779815466322,Texas,Summer,4.5,No,Credit Card,Standard,Yes,Yes,21,Cash,Every 3 Months,1
3845,3845,58,Female,Williams F1 Team Phone Case,Tech Gear,17.50337263670666,California,Winter,4.9,No,Venmo,Standard,No,No,46,Venmo,Annually,2
1443,1443,58,Male,Williams F1 Team Poster,Miscellaneous,12.971058139966882,Idaho,Fall,4.2,No,PayPal,Next Day Air,Yes,Yes,2,Cash,Monthly,2
3672,3672,51,Female,Williams F1 Team Laptop Sleeve,Tech Gear,34.84536027197099,New York,Fall,4.5,No,Venmo,Free Shipping,No,No,7,PayPal,Monthly,2
1801,1801,33,Male,Williams F1 Team Travel Mug,Drinkware,22.738128229358782,New Jersey,Spring,3.9,No,Credit Card,Express,No,No,48,Debit Card,Fortnightly,1
1143,1143,68,Male,Williams F1 Team Sticker Pack,Miscellaneous,4.852049174719691,Nevada,Winter,4.4,No,Cash,Standard,Yes,Yes,43,PayPal,Quarterly,2
492,492,50,Male,Williams F1 Team Scarf,Clothing,23.30620481873073,Michigan,Fall,3.9,Yes,PayPal,Standard,Yes,Yes,11,Debit Card,Weekly,2
844,844,59,Male,Williams F1 Team Poster,Miscellaneous,16.987165780333793,Missouri,Winter,4.4,Yes,PayPal,Express,Yes,Yes,44,Venmo,Bi-Weekly,2
2798,2798,52,Female,Williams F1 Team Sticker Pack,Miscellaneous,5.620404337359156,Rhode Island,Winter,4.8,No,Credit Card,Store Pickup,No,No,37,PayPal,Weekly,2
1592,1592,56,Male,Williams F1 Team Umbrella,Accessories,34.12835445457354,Iowa,Summer,3.3,No,Credit Card,Free Shipping,Yes,Yes,10,Bank Transfer,Every 3 Months,2
1118,1118,49,Male,Williams F1 Team Flag,Accessories,23.08220229115765,Indiana,Summer,4.9,No,Debit Card,Standard,Yes,Yes,11,PayPal,Every 3 Months,2
2917,2917,58,Female,Williams F1 Team Water Bottle,Drinkware,16.26155481163835,Colorado,Winter,2.9,No,Cash,Store Pickup,No,No,50,Venmo,Annually,2
1713,1713,49,Male,Williams F1 Team Sticker Pack,Miscellaneous,5.619497668076497,Missouri,Winter,4.6,No,Venmo,Free Shipping,No,No,37,PayPal,Quarterly,2
3670,3670,31,Female,Williams F1 Team Beanie,Clothing,20.924820236857148,Vermont,Winter,3.8,No,Cash,Free Shipping,No,No,4,PayPal,Every 3 Months,1
1930,1930,66,Male,Williams F1 Team Phone Case,Tech Gear,17.970630723164714,North Carolina,Spring,3.5,No,Bank Transfer,Store Pickup,No,No,26,Cash,Weekly,2
3603,3603,45,Female,Williams F1 Team Beanie,Clothing,18.479538607184733,Louisiana,Spring,2.7,No,Debit Card,Free Shipping,No,No,5,Cash,Weekly,2
1855,1855,60,Male,Williams F1 Team T-shirt,Clothing,39.961936266918784,Rhode Island,Spring,4.7,No,Bank Transfer,Standard,No,No,9,Cash,Annually,2
3691,3691,63,Female,Williams F1 Team Sticker Pack,Miscellaneous,4.280860712522737,Michigan,Summer,4.8,No,Credit Card,Next Day Air,No,No,24,PayPal,Weekly,2
483,483,23,Male,Williams F1 Team Desk Mat,Tech Gear,34.06228229059981,Oklahoma,Fall,3.9,Yes,Venmo,Store Pickup,Yes,Yes,12,Debit Card,Weekly,1
2060,2060,21,Male,Williams F1 Team Flag,Accessories,27.982589358028857,Wisconsin,Fall,3.2,No,Debit Card,Next Day Air,No,No,23,Bank Transfer,Quarterly,1
2693,2693,55,Female,Williams F1 Team Cap,Clothing,25.79781723879616,Hawaii,Summer,2.6,No,Debit Card,Standard,No,No,46,Cash,Quarterly,2
3201,3201,46,Female,Williams F1 Team Mug,Drinkware,8.743048443215281,Vermont,Fall,2.8,No,Credit Card,2-Day Shipping,No,No,34,Cash,Monthly,2
544,544,34,Male,Williams F1 Team Flag,Accessories,25.11340413398769,Washington,Summer,3.3,Yes,Cash,Standard,Yes,Yes,30,Bank Transfer,Every 3 Months,1
2566,2566,35,Male,Williams F1 Team Mug,Drinkware,9.795878288226922,Missouri,Fall,3.3,No,Credit Card,Standard,No,No,43,PayPal,Quarterly,1
2229,2229,70,Male,Williams F1 Team Backpack,Accessories,71.66513545979385,Minnesota,Fall,3.9,No,Bank Transfer,Express,No,No,50,Venmo,Monthly,0
630,630,41,Male,Williams F1 Team Hoodie,Clothing,58.52976573984416,Mississippi,Fall,4.3,Yes,Cash,2-Day Shipping,Yes,Yes,33,Debit Card,Annually,0
2104,2104,53,Male,Williams F1 Team Polo Shirt,Clothing,43.15725443523831,New Mexico,Spring,2.8,No,Bank Transfer,Free Shipping,No,No,47,Venmo,Weekly,2
2035,2035,53,Male,Williams F1 Team Cap,Clothing,26.923313943961062,Oklahoma,Summer,4.1,No,Venmo,Express,No,No,43,Bank Transfer,Weekly,2
3475,3475,48,Female,Williams F1 Team Polo Shirt,Clothing,46.89021297937314,South Carolina,Spring,4.4,No,Debit Card,Express,No,No,9,Cash,Quarterly,2
327,327,61,Male,Williams F1 Team Water Bottle,Drinkware,13.762736263520132,Iowa,Summer,3.1,Yes,PayPal,Free Shipping,Yes,Yes,36,PayPal,Weekly,2
3034,3034,51,Female,Williams F1 Team Mug,Drinkware,10.773664952483642,Utah,Spring,3.5,No,PayPal,2-Day Shipping,No,No,25,Credit Card,Quarterly,2
1614,1614,30,Male,Williams F1 Team Socks,Clothing,11.208543508437112,Kansas,Summer,3.4,No,Cash,Free Shipping,Yes,Yes,22,Cash,Bi-Weekly,1
906,906,41,Male,Williams F1 Team Travel Mug,Drinkware,21.143635379745632,South Carolina,Spring,4.2,Yes,Debit Card,Standard,Yes,Yes,21,Debit Card,Bi-Weekly,1
624,624,55,Male,Williams F1 Team Polo Shirt,Clothing,44.13503016218395,South Carolina,Fall,3.4,Yes,Venmo,Express,Yes,Yes,21,PayPal,Annually,2
615,615,67,Male,Williams F1 Team Jacket,Clothing,113.52323172920543,Maryland,Summer,2.6,Yes,Debit Card,Next Day Air,Yes,Yes,23,Venmo,Annually,0
1867,1867,45,Male,Williams F1 Team Phone Case,Tech Gear,21.90484886870233,Delaware,Fall,3.4,No,Debit Card,2-Day Shipping,No,No,20,Venmo,Quarterly,2
3814,3814,45,Female,Williams F1 Team Backpack,Accessories,86.16968237298676,Michigan,Winter,4.2,No,Credit Card,Free Shipping,No,No,26,Bank Transfer,Every 3 Months,0
614,614,68,Male,Williams F1 Team Polo Shirt,Clothing,47.89118097093259,Idaho,Winter,4,Yes,Cash,Standard,Yes,Yes,21,Credit Card,Bi-Weekly,2
2547,2547,47,Male,Williams F1 Team Backpack,Accessories,77.26571656829941,Mississippi,Summer,3.2,No,Bank Transfer,2-Day Shipping,No,No,16,Cash,Weekly,0
2683,2683,68,Female,Williams F1 Team Lanyard,Accessories,7.531165164220027,Montana,Summer,4.2,No,Cash,Next Day Air,No,No,21,Cash,Fortnightly,2
1252,1252,28,Male,Williams F1 Team Socks,Clothing,13.211938499105935,Massachusetts,Fall,4,No,Venmo,Standard,Yes,Yes,8,Cash,Quarterly,1
988,988,50,Male,Williams F1 Team Umbrella,Accessories,36.99572946411956,Ohio,Winter,4.9,Yes,Venmo,2-Day Shipping,Yes,Yes,47,PayPal,Fortnightly,2
138,138,68,Male,Williams F1 Team Pin Badge,Accessories,5.378505675323984,Georgia,Winter,4.4,Yes,Cash,Store Pickup,Yes,Yes,42,Bank Transfer,Weekly,2
1012,1012,28,Male,Williams F1 Team Mug,Drinkware,8.611608693767998,New Mexico,Summer,3.8,Yes,Cash,Express,Yes,Yes,27,Credit Card,Annually,1
3222,3222,45,Female,Williams F1 Team Umbrella,Accessories,45.646163721099136,Texas,Fall,4.6,No,Debit Card,Store Pickup,No,No,22,PayPal,Quarterly,0
3246,3246,70,Female,Williams F1 Team Jacket,Clothing,108.49384036818604,Michigan,Summer,2.9,No,Venmo,Store Pickup,No,No,37,Cash,Monthly,0
1994,1994,33,Male,Williams F1 Team Gloves,Clothing,23.197700352125924,Nevada,Fall,2.9,No,Bank Transfer,Next Day Air,No,No,24,Credit Card,Weekly,1
2941,2941,38,Female,Williams F1 Team Polo Shirt,Clothing,51.31323025912628,Pennsylvania,Spring,3.7,No,Bank Transfer,Free Shipping,No,No,27,PayPal,Monthly,0
1240,1240,41,Male,Williams F1 Team Laptop Sleeve,Tech Gear,34.81407408525668,New Jersey,Winter,2.9,No,Debit Card,Store Pickup,Yes,Yes,48,Debit Card,Annually,1
428,428,21,Male,Williams F1 Team Flag,Accessories,21.63477092748154,Wyoming,Winter,2.9,Yes,Venmo,Free Shipping,Yes,Yes,2,Debit Card,Fortnightly,1
802,802,38,Male,Williams F1 Team Socks,Clothing,11.315158803312226,Delaware,Winter,3.5,Yes,Venmo,Next Day Air,Yes,Yes,2,Bank Transfer,Weekly,1
3669,3669,25,Female,Williams F1 Team Phone Case,Tech Gear,17.13951686365261,Washington,Fall,4.6,No,Credit Card,Store Pickup,No,No,43,PayPal,Quarterly,1
2676,2676,43,Female,Williams F1 Team T-shirt,Clothing,32.209167598937945,Kentucky,Spring,3.6,No,Venmo,Free Shipping,No,No,3,Cash,Fortnightly,1
2524,2524,60,Male,Williams F1 Team Scarf,Clothing,25.527120439366964,Kansas,Spring,3.7,No,Venmo,Express,No,No,23,Credit Card,Quarterly,2
1336,1336,23,Male,Williams F1 Team Polo Shirt,Clothing,52.24303718808337,Oregon,Spring,4.8,No,PayPal,Store Pickup,Yes,Yes,44,Debit Card,Fortnightly,1
2038,2038,53,Male,Williams F1 Team Cap,Clothing,25.680075985058345,Arkansas,Spring,4.4,No,Debit Card,Next Day Air,No,No,35,Credit Card,Fortnightly,2
3874,3874,70,Female,Williams F1 Team Phone Case,Tech Gear,17.45394872028064,Nevada,Summer,3.9,No,Cash,2-Day Shipping,No,No,33,Credit Card,Bi-Weekly,2
960,960,18,Male,Williams F1 Team Poster,Miscellaneous,16.434383008749105,Louisiana,Spring,4.4,Yes,Debit Card,Standard,Yes,Yes,20,Venmo,Quarterly,1
1746,1746,65,Male,Williams F1 Team Water Bottle,Drinkware,16.787503703969534,Alabama,Summer,3.1,No,Bank Transfer,Store Pickup,No,No,44,Bank Transfer,Fortnightly,2
3550,3550,63,Female,Williams F1 Team Desk Mat,Tech Gear,33.70730635566384,West Virginia,Winter,4.8,No,Venmo,Standard,No,No,32,Cash,Weekly,2
3825,3825,49,Female,Williams F1 Team Keychain,Accessories,8.417927946703363,Hawaii,Fall,4.1,No,Bank Transfer,Express,No,No,47,Debit Card,Fortnightly,2
526,526,51,Male,Williams F1 Team Phone Case,Tech Gear,17.294557832844365,New Jersey,Winter,4.9,Yes,Cash,Standard,Yes,Yes,19,Cash,Monthly,2
3889,3889,57,Female,Williams F1 Team Flag,Accessories,28.32126963792845,Alaska,Spring,3.5,No,Debit Card,Express,No,No,49,Bank Transfer,Annually,2
29,29,31,Male,Williams F1 Team Poster,Miscellaneous,16.405568392466876,Wyoming,Fall,4.1,Yes,Venmo,Store Pickup,Yes,Yes,14,Credit Card,Weekly,1
1384,1384,46,Male,Williams F1 Team Backpack,Accessories,79.8489270233292,Alaska,Fall,4.6,No,Cash,Standard,Yes,Yes,8,Bank Transfer,Weekly,0
2238,2238,40,Male,Williams F1 Team Umbrella,Accessories,41.34112236878867,Florida,Winter,3.8,No,Credit Card,Standard,No,No,18,Debit Card,Weekly,1
505,505,61,Male,Williams F1 Team Flag,Accessories,25.800177742661823,Maine,Spring,4.3,Yes,Credit Card,Express,Yes,Yes,9,Cash,Bi-Weekly,2
77,77,22,Male,Williams F1 Team Phone Case,Tech Gear,19.50640133189494,Delaware,Summer,3.3,Yes,Debit Card,Next Day Air,Yes,Yes,36,Debit Card,Fortnightly,1
2939,2939,32,Female,Williams F1 Team Poster,Miscellaneous,16.17271014818785,Kentucky,Winter,4.3,No,PayPal,Express,No,No,34,Venmo,Weekly,1
1745,1745,40,Male,Williams F1 Team Pin Badge,Accessories,6.481089459316309,West Virginia,Winter,3.6,No,Credit Card,Store Pickup,No,No,27,Cash,Weekly,1
2983,2983,60,Female,Williams F1 Team Water Bottle,Drinkware,15.320626783598083,West Virginia,Winter,2.8,No,Venmo,2-Day Shipping,No,No,1,Credit Card,Quarterly,2
2074,2074,36,Male,Williams F1 Team Phone Case,Tech Gear,19.75310463017629,Florida,Summer,3.1,No,Credit Card,Free Shipping,No,No,44,Debit Card,Fortnightly,1
1864,1864,19,Male,Williams F1 Team Desk Mat,Tech Gear,33.66109456959936,Wyoming,Fall,3.2,No,Bank Transfer,2-Day Shipping,No,No,21,Venmo,Quarterly,1
1563,1563,68,Male,Williams F1 Team Water Bottle,Drinkware,16.010377950163164,Kansas,Fall,4.3,No,Credit Card,Next Day Air,Yes,Yes,8,Cash,Weekly,2
1427,1427,31,Male,Williams F1 Team Sunglasses,Accessories,60.95093915535667,South Dakota,Summer,4.9,No,PayPal,Store Pickup,Yes,Yes,8,Credit Card,Annually,0
536,536,44,Male,Williams F1 Team Umbrella,Accessories,41.11692930897288,Illinois,Fall,4.4,Yes,Debit Card,Store Pickup,Yes,Yes,16,Debit Card,Every 3 Months,1
3641,3641,51,Female,Williams F1 Team Water Bottle,Drinkware,15.085890794188344,New York,Fall,2.7,No,Debit Card,Free Shipping,No,No,39,Bank Transfer,Every 3 Months,2
3700,3700,28,Female,Williams F1 Team Umbrella,Accessories,34.191282503218574,North Dakota,Summer,3.4,No,Credit Card,Store Pickup,No,No,2,Bank Transfer,Every 3 Months,1
2513,2513,69,Male,Williams F1 Team Phone Case,Tech Gear,18.482428136034954,Washington,Winter,3.5,No,Debit Card,2-Day Shipping,No,No,42,Cash,Annually,2
3469,3469,36,Female,Williams F1 Team Polo Shirt,Clothing,51.78734759416083,North Dakota,Fall,3.3,No,Bank Transfer,Store Pickup,No,No,12,Cash,Annually,0
1163,1163,26,Male,Williams F1 Team Travel Mug,Drinkware,19.04454329887817,Tennessee,Summer,3,No,Credit Card,2-Day Shipping,Yes,Yes,24,Debit Card,Monthly,1
2206,2206,46,Male,Williams F1 Team Beanie,Clothing,21.787767918377508,Illinois,Spring,2.6,No,PayPal,Store Pickup,No,No,25,Bank Transfer,Fortnightly,2
2236,2236,23,Male,Williams F1 Team Polo Shirt,Clothing,49.26292542619519,Louisiana,Winter,2.7,No,Venmo,Standard,No,No,18,Debit Card,Fortnightly,1
3733,3733,25,Female,Williams F1 Team Travel Mug,Drinkware,21.46147822969475,Illinois,Fall,4.7,No,Bank Transfer,Next Day Air,No,No,6,Debit Card,Every 3 Months,1
476,476,21,Male,Williams F1 Team Sunglasses,Accessories,54.966254683374416,Connecticut,Spring,3.5,Yes,Venmo,Free Shipping,Yes,Yes,2,Debit Card,Fortnightly,1
2263,2263,44,Male,Williams F1 Team Socks,Clothing,13.831995714107345,Indiana,Winter,3.5,No,PayPal,Store Pickup,No,No,42,Cash,Quarterly,1
1981,1981,69,Male,Williams F1 Team Sunglasses,Accessories,65.26741505799335,Michigan,Summer,4.7,No,Cash,Express,No,No,42,PayPal,Quarterly,0
2536,2536,51,Male,Williams F1 Team Socks,Clothing,13.836784108309203,Oklahoma,Spring,4.9,No,Bank Transfer,Express,No,No,45,PayPal,Every 3 Months,2
2792,2792,54,Female,Williams F1 Team Water Bottle,Drinkware,13.34990131741024,Kentucky,Winter,3.2,No,Debit Card,Express,No,No,11,Credit Card,Weekly,2
3350,3350,45,Female,Williams F1 Team Keychain,Accessories,7.569745078920111,Mississippi,Fall,4.9,No,PayPal,2-Day Shipping,No,No,15,Cash,Bi-Weekly,2
3393,3393,60,Female,Williams F1 Team Sunglasses,Accessories,64.89569050016537,Arizona,Fall,3.1,No,PayPal,Next Day Air,No,No,50,Debit Card,Monthly,0
2642,2642,39,Male,Williams F1 Team Polo Shirt,Clothing,49.01912580656939,Iowa,Summer,4,No,Debit Card,Store Pickup,No,No,48,Bank Transfer,Annually,0
3880,3880,42,Female,Williams F1 Team Sticker Pack,Miscellaneous,5.108799081264614,Massachusetts,Winter,3.9,No,Credit Card,Free Shipping,No,No,40,PayPal,Monthly,1
2165,2165,29,Male,Williams F1 Team Phone Case,Tech Gear,18.84028548659749,Idaho,Summer,4.2,No,Bank Transfer,Express,No,No,42,Credit Card,Every 3 Months,1
2525,2525,39,Male,Williams F1 Team Desk Mat,Tech Gear,34.04349356794121,Kentucky,Winter,4.2,No,PayPal,Standard,No,No,20,PayPal,Weekly,1
3053,3053,32,Female,Williams F1 Team Sunglasses,Accessories,56.880479810568175,Maine,Winter,3.2,No,Credit Card,Next Day Air,No,No,22,Bank Transfer,Monthly,0
2848,2848,33,Female,Williams F1 Team Desk Mat,Tech Gear,25.87630077423224,Wisconsin,Fall,4.9,No,Debit Card,Store Pickup,No,No,28,Bank Transfer,Quarterly,1
2072,2072,39,Male,Williams F1 Team Gloves,Clothing,21.323156619619407,Massachusetts,Winter,3.9,No,Credit Card,Next Day Air,No,No,22,Bank Transfer,Weekly,1
653,653,20,Male,Williams F1 Team Gloves,Clothing,23.97408483821801,North Dakota,Winter,3.6,Yes,Credit Card,2-Day Shipping,Yes,Yes,45,Cash,Fortnightly,1
780,780,34,Male,Williams F1 Team Wristband,Accessories,5.724456563373519,New York,Spring,3.6,Yes,Venmo,Free Shipping,Yes,Yes,38,Cash,Quarterly,1
1558,1558,35,Male,Williams F1 Team Desk Mat,Tech Gear,27.532953437501444,New Mexico,Fall,3.5,No,Credit Card,Express,Yes,Yes,24,Credit Card,Every 3 Months,1
92,92,61,Male,Williams F1 Team Polo Shirt,Clothing,52.2624077211368,Texas,Winter,4.4,Yes,Cash,2-Day Shipping,Yes,Yes,13,Venmo,Every 3 Months,2
2618,2618,70,Male,Williams F1 Team T-shirt,Clothing,35.625815782996575,Louisiana,Fall,4.1,No,Credit Card,Express,No,No,12,Venmo,Monthly,2
239,239,49,Male,Williams F1 Team Beanie,Clothing,18.105451854437103,Vermont,Summer,2.9,Yes,PayPal,Express,Yes,Yes,47,Credit Card,Bi-Weekly,2
28,28,54,Male,Williams F1 Team Hoodie,Clothing,59.47602832867916,North Carolina,Fall,4.4,Yes,Debit Card,Free Shipping,Yes,Yes,41,PayPal,Every 3 Months,0
1601,1601,65,Male,Williams F1 Team Scarf,Clothing,25.32265460591332,Indiana,Spring,2.9,No,Venmo,Store Pickup,Yes,Yes,33,Credit Card,Monthly,2
3298,3298,65,Female,Williams F1 Team Desk Mat,Tech Gear,32.42430930349499,New Mexico,Fall,3.5,No,PayPal,Express,No,No,6,Bank Transfer,Every 3 Months,2
282,282,21,Male,Williams F1 Team Hoodie,Clothing,71.72345356524123,Minnesota,Summer,3,Yes,Debit Card,2-Day Shipping,Yes,Yes,9,Cash,Monthly,0
3674,3674,35,Female,Williams F1 Team Flag,Accessories,21.558429114503525,Washington,Winter,2.7,No,Venmo,2-Day Shipping,No,No,41,Venmo,Fortnightly,1
2424,2424,49,Male,Williams F1 Team Travel Mug,Drinkware,17.311368339505847,Delaware,Winter,4.5,No,Debit Card,Next Day Air,No,No,28,Bank Transfer,Bi-Weekly,2
1945,1945,35,Male,Williams F1 Team Mug,Drinkware,10.145250218839486,Georgia,Winter,2.9,No,Debit Card,2-Day Shipping,No,No,9,Credit Card,Every 3 Months,1
100,100,62,Male,Williams F1 Team Jacket,Clothing,103.87924918463015,South Dakota,Fall,2.7,Yes,PayPal,Express,Yes,Yes,31,Cash,Fortnightly,0
3236,3236,63,Female,Williams F1 Team Umbrella,Accessories,37.81697547053523,South Carolina,Fall,4.1,No,Venmo,Next Day Air,No,No,8,Cash,Monthly,2
382,382,28,Male,Williams F1 Team T-shirt,Clothing,30.48469895330527,California,Winter,3.2,Yes,PayPal,Store Pickup,Yes,Yes,47,PayPal,Quarterly,1
574,574,54,Male,Williams F1 Team Laptop Sleeve,Tech Gear,39.02432051729088,Maine,Fall,4.8,Yes,PayPal,Free Shipping,Yes,Yes,20,Bank Transfer,Bi-Weekly,2
3792,3792,43,Female,Williams F1 Team Travel Mug,Drinkware,19.60473260799675,Massachusetts,Summer,2.6,No,Credit Card,Express,No,No,2,PayPal,Fortnightly,1
2517,2517,64,Male,Williams F1 Team Mug,Drinkware,10.26692143419295,Wyoming,Spring,2.9,No,Credit Card,Standard,No,No,10,Venmo,Annually,2
3689,3689,47,Female,Williams F1 Team Lanyard,Accessories,6.87486640509216,South Carolina,Fall,4.5,No,Cash,Standard,No,No,8,Bank Transfer,Quarterly,2
1619,1619,57,Male,Williams F1 Team T-shirt,Clothing,29.784749854839944,Hawaii,Winter,3.5,No,Cash,Store Pickup,Yes,Yes,50,Venmo,Bi-Weekly,2
2915,2915,26,Female,Williams F1 Team Lanyard,Accessories,6.069538282490612,Oregon,Fall,4.5,No,Credit Card,Express,No,No,39,Debit Card,Bi-Weekly,1
2565,2565,30,Male,Williams F1 Team Water Bottle,Drinkware,15.15962094965939,Vermont,Fall,3.6,No,Debit Card,Store Pickup,No,No,8,Venmo,Quarterly,1
3178,3178,66,Female,Williams F1 Team Keychain,Accessories,9.156175237956742,Washington,Spring,2.7,No,Cash,Free Shipping,No,No,28,Credit Card,Annually,2
1865,1865,56,Male,Williams F1 Team Scarf,Clothing,25.954909154577983,Missouri,Summer,3.8,No,Venmo,Store Pickup,No,No,12,Bank Transfer,Monthly,2
510,510,21,Male,Williams F1 Team Polo Shirt,Clothing,49.03905877147163,West Virginia,Fall,3.9,Yes,Credit Card,2-Day Shipping,Yes,Yes,22,Venmo,Annually,1
3233,3233,45,Female,Williams F1 Team Desk Mat,Tech Gear,33.3455070798591,Indiana,Fall,3.8,No,Credit Card,Express,No,No,11,Debit Card,Bi-Weekly,2
3782,3782,40,Female,Williams F1 Team Water Bottle,Drinkware,14.35708153079187,Alabama,Spring,2.8,No,Cash,Free Shipping,No,No,42,PayPal,Fortnightly,1
3341,3341,55,Female,Williams F1 Team Beanie,Clothing,18.196461905856264,Connecticut,Summer,4.5,No,Venmo,Standard,No,No,35,Credit Card,Monthly,2
1750,1750,31,Male,Williams F1 Team Polo Shirt,Clothing,56.52572244758892,Missouri,Fall,3.1,No,Credit Card,Express,No,No,38,Venmo,Every 3 Months,0
1959,1959,46,Male,Williams F1 Team Sunglasses,Accessories,55.266215210020825,Colorado,Fall,3.1,No,Credit Card,Store Pickup,No,No,7,Credit Card,Every 3 Months,0
1940,1940,50,Male,Williams F1 Team Sunglasses,Accessories,68.79891508731053,Alaska,Fall,3.9,No,Venmo,2-Day Shipping,No,No,48,PayPal,Fortnightly,0
2696,2696,57,Female,Williams F1 Team Sticker Pack,Miscellaneous,5.454334917434355,South Dakota,Spring,4.7,No,Credit Card,Free Shipping,No,No,12,Debit Card,Monthly,2
3315,3315,48,Female,Williams F1 Team Gloves,Clothing,21.64652886742598,Kentucky,Summer,2.9,No,Credit Card,Standard,No,No,4,PayPal,Every 3 Months,2
2023,2023,46,Male,Williams F1 Team Gloves,Clothing,28.363671788667794,Idaho,Winter,4.1,No,Bank Transfer,Store Pickup,No,No,28,Cash,Bi-Weekly,2
2040,2040,69,Male,Williams F1 Team Wristband,Accessories,4.402835431352978,South Carolina,Spring,2.9,No,Debit Card,Free Shipping,No,No,42,Venmo,Quarterly,2
3106,3106,62,Female,Williams F1 Team Travel Mug,Drinkware,19.336924216965425,Alabama,Winter,4.7,No,Venmo,Next Day Air,No,No,20,PayPal,Annually,2
1808,1808,67,Male,Williams F1 Team Cap,Clothing,28.619653012456386,Tennessee,Spring,4.3,No,Credit Card,Next Day Air,No,No,7,Debit Card,Monthly,2
1328,1328,37,Male,Williams F1 Team Backpack,Accessories,83.09869888254087,Rhode Island,Winter,3.7,No,Debit Card,Standard,Yes,Yes,40,Bank Transfer,Weekly,0
871,871,47,Male,Williams F1 Team Water Bottle,Drinkware,13.831211589158157,Hawaii,Spring,2.6,Yes,Bank Transfer,Next Day Air,Yes,Yes,45,Debit Card,Quarterly,2
1859,1859,54,Male,Williams F1 Team Wristband,Accessories,5.159187154770437,New Jersey,Summer,3.7,No,Credit Card,Store Pickup,No,No,29,Debit Card,Fortnightly,2
2933,2933,27,Female,Williams F1 Team Phone Case,Tech Gear,22.76096738903963,Illinois,Summer,3.8,No,Credit Card,Standard,No,No,28,Venmo,Monthly,1
3612,3612,47,Female,Williams F1 Team Pin Badge,Accessories,6.128184810276018,Michigan,Summer,3.6,No,Credit Card,Standard,No,No,26,Cash,Every 3 Months,2
3027,3027,52,Female,Williams F1 Team Wristband,Accessories,5.623658193233153,West Virginia,Winter,2.8,No,Bank Transfer,2-Day Shipping,No,No,47,Credit Card,Quarterly,2
109,109,58,Male,Williams F1 Team Polo Shirt,Clothing,57.02500965606138,Alabama,Spring,2.6,Yes,Cash,Next Day Air,Yes,Yes,43,Bank Transfer,Fortnightly,0
65,65,65,Male,Williams F1 Team Mug,Drinkware,9.90518583210378,New Jersey,Spring,4.8,Yes,Credit Card,2-Day Shipping,Yes,Yes,44,Venmo,Every 3 Months,2
973,973,60,Male,Williams F1 Team Desk Mat,Tech Gear,26.375055808119846,Colorado,Fall,3.5,Yes,Venmo,2-Day Shipping,Yes,Yes,30,Bank Transfer,Quarterly,2
2020,2020,41,Male,Williams F1 Team Sticker Pack,Miscellaneous,5.690189133804736,Pennsylvania,Winter,4.8,No,Credit Card,Next Day Air,No,No,26,Cash,Quarterly,1
1288,1288,66,Male,Williams F1 Team Hoodie,Clothing,56.42141550746727,South Dakota,Winter,4.1,No,Venmo,Standard,Yes,Yes,34,PayPal,Bi-Weekly,2
1777,1777,18,Male,Williams F1 Team Water Bottle,Drinkware,16.37895642407756,Minnesota,Winter,4.7,No,Cash,Free Shipping,No,No,4,Cash,Fortnightly,1
193,193,36,Male,Williams F1 Team Jacket,Clothing,123.9089842367826,North Dakota,Fall,3,Yes,PayPal,Standard,Yes,Yes,29,Venmo,Annually,0
3671,3671,62,Female,Williams F1 Team Gloves,Clothing,26.000386951856,Illinois,Summer,4.8,No,Bank Transfer,2-Day Shipping,No,No,20,Venmo,Quarterly,2
594,594,35,Male,Williams F1 Team Umbrella,Accessories,39.05886715371907,Oklahoma,Winter,2.5,Yes,Cash,Next Day Air,Yes,Yes,6,Debit Card,Monthly,1
322,322,41,Male,Williams F1 Team Backpack,Accessories,72.25433281266405,Tennessee,Winter,3,Yes,Credit Card,Standard,Yes,Yes,47,Credit Card,Monthly,0
1391,1391,53,Male,Williams F1 Team Pin Badge,Accessories,5.496355586004962,Mississippi,Winter,3.6,No,Bank Transfer,Express,Yes,Yes,38,Credit Card,Annually,2
495,495,33,Male,Williams F1 Team Mug,Drinkware,10.895710289146203,Michigan,Fall,3.3,Yes,Credit Card,Free Shipping,Yes,Yes,6,Debit Card,Fortnightly,1
3436,3436,57,Female,Williams F1 Team Umbrella,Accessories,43.50179422598964,Nebraska,Winter,2.8,No,Venmo,2-Day Shipping,No,No,41,Bank Transfer,Monthly,2
3554,3554,39,Female,Williams F1 Team Phone Case,Tech Gear,21.996338124533683,Louisiana,Spring,5,No,Bank Transfer,Free Shipping,No,No,5,Credit Card,Fortnightly,1
548,548,36,Male,Williams F1 Team Flag,Accessories,27.182653755677364,Nebraska,Winter,4.6,Yes,PayPal,Store Pickup,Yes,Yes,41,Debit Card,Every 3 Months,1
2514,2514,42,Male,Williams F1 Team Mug,Drinkware,9.887096000411134,Alaska,Spring,4.8,No,Debit Card,Free Shipping,No,No,45,PayPal,Bi-Weekly,1
1301,1301,42,Male,Williams F1 Team Phone Case,Tech Gear,18.755981269611656,Maine,Fall,5,No,Venmo,Express,Yes,Yes,21,Debit Card,Weekly,1
3358,3358,56,Female,Williams F1 Team Scarf,Clothing,25.496348206773224,Tennessee,Fall,3.4,No,Debit Card,2-Day Shipping,No,No,26,Cash,Annually,2
311,311,69,Male,Williams F1 Team Phone Case,Tech Gear,19.32716154821757,Rhode Island,Winter,4.1,Yes,Debit Card,Store Pickup,Yes,Yes,19,Bank Transfer,Monthly,2
287,287,56,Male,Williams F1 Team Mug,Drinkware,10.217447550555589,Delaware,Spring,3.4,Yes,Cash,2-Day Shipping,Yes,Yes,18,Venmo,Fortnightly,2
1707,1707,25,Male,Williams F1 Team Laptop Sleeve,Tech Gear,33.92667997785213,Nevada,Fall,4.9,No,Credit Card,2-Day Shipping,No,No,25,Cash,Bi-Weekly,1
3068,3068,32,Female,Williams F1 Team Socks,Clothing,12.887097854426608,California,Winter,4.2,No,Bank Transfer,Express,No,No,4,Debit Card,Weekly,1
2615,2615,49,Male,Williams F1 Team Scarf,Clothing,26.32662586582349,Arizona,Fall,3.1,No,Venmo,2-Day Shipping,No,No,6,Debit Card,Quarterly,2
3379,3379,61,Female,Williams F1 Team Beanie,Clothing,22.58545946753416,Tennessee,Summer,5,No,Debit Card,Store Pickup,No,No,40,Cash,Weekly,2
1125,1125,27,Male,Williams F1 Team Sunglasses,Accessories,60.002991675871314,North Dakota,Summer,2.7,No,Debit Card,2-Day Shipping,Yes,Yes,10,Bank Transfer,Weekly,0
756,756,62,Male,Williams F1 Team Jacket,Clothing,94.92186218921152,Montana,Summer,4.8,Yes,Cash,Standard,Yes,Yes,24,Cash,Fortnightly,0
3008,3008,39,Female,Williams F1 Team Polo Shirt,Clothing,55.68670628025845,New Mexico,Winter,4.9,No,Cash,Free Shipping,No,No,19,PayPal,Weekly,0
2866,2866,54,Female,Williams F1 Team Desk Mat,Tech Gear,26.433581010830824,Connecticut,Summer,3.1,No,Venmo,Free Shipping,No,No,19,Cash,Annually,2
654,654,24,Male,Williams F1 Team Scarf,Clothing,24.98030105730588,California,Summer,4.4,Yes,Bank Transfer,2-Day Shipping,Yes,Yes,23,Venmo,Annually,1
720,720,33,Male,Williams F1 Team Scarf,Clothing,24.08695730766791,New Mexico,Fall,3.4,Yes,Bank Transfer,Free Shipping,Yes,Yes,19,Debit Card,Weekly,1
3354,3354,42,Female,Williams F1 Team Water Bottle,Drinkware,14.377631735123074,Maryland,Fall,2.8,No,Cash,Next Day Air,No,No,15,PayPal,Weekly,1
3431,3431,46,Female,Williams F1 Team Beanie,Clothing,20.300765367382816,New Mexico,Summer,4.2,No,Cash,Express,No,No,20,Venmo,Annually,2
1962,1962,40,Male,Williams F1 Team Water Bottle,Drinkware,13.375269249679995,Iowa,Fall,4.4,No,Debit Card,Standard,No,No,20,PayPal,Fortnightly,1
80,80,19,Male,Williams F1 Team Desk Mat,Tech Gear,30.2857711797932,New York,Summer,3.3,Yes,Credit Card,Store Pickup,Yes,Yes,24,Credit Card,Every 3 Months,1
772,772,18,Male,Williams F1 Team Sticker Pack,Miscellaneous,4.68227235240606,Illinois,Fall,3.6,Yes,Cash,Free Shipping,Yes,Yes,40,Debit Card,Bi-Weekly,1
1074,1074,48,Male,Williams F1 Team Cap,Clothing,28.291459920154413,Tennessee,Fall,2.6,No,PayPal,Standard,Yes,Yes,45,Bank Transfer,Fortnightly,2
3597,3597,29,Female,Williams F1 Team Cap,Clothing,31.715863137720948,New Mexico,Summer,3.1,No,Cash,Standard,No,No,18,Bank Transfer,Quarterly,1
2981,2981,21,Female,Williams F1 Team Mug,Drinkware,9.234947708378314,Delaware,Winter,4.9,No,PayPal,Standard,No,No,37,Venmo,Annually,1
1949,1949,63,Male,Williams F1 Team Laptop Sleeve,Tech Gear,38.48801367200416,Nebraska,Winter,4.7,No,Venmo,Store Pickup,No,No,12,PayPal,Quarterly,2
3534,3534,65,Female,Williams F1 Team Umbrella,Accessories,40.64324603043076,Delaware,Fall,3.2,No,Venmo,Express,No,No,7,Cash,Weekly,2
2448,2448,54,Male,Williams F1 Team Wristband,Accessories,5.503475996420288,Tennessee,Fall,3,No,Bank Transfer,Free Shipping,No,No,38,PayPal,Bi-Weekly,2
3466,3466,49,Female,Williams F1 Team Water Bottle,Drinkware,14.429539624073035,Maryland,Summer,4.6,No,Debit Card,Standard,No,No,43,Bank Transfer,Annually,2
1862,1862,59,Male,Williams F1 Team Mug,Drinkware,9.989580309792668,New Hampshire,Winter,4.6,No,Debit Card,Express,No,No,10,PayPal,Fortnightly,2
3615,3615,35,Female,Williams F1 Team Lanyard,Accessories,6.620582227894376,California,Winter,4.4,No,Bank Transfer,Free Shipping,No,No,4,Credit Card,Monthly,1
2344,2344,34,Male,Williams F1 Team Hoodie,Clothing,60.66413221048101,Rhode Island,Fall,3.5,No,Credit Card,Express,No,No,14,Venmo,Bi-Weekly,0
1874,1874,67,Male,Williams F1 Team Keychain,Accessories,8.803650934438034,Indiana,Fall,3.6,No,Cash,Free Shipping,No,No,14,Cash,Weekly,2
1639,1639,41,Male,Williams F1 Team Flag,Accessories,25.442143411827782,Missouri,Summer,3.3,No,Bank Transfer,Free Shipping,Yes,Yes,50,PayPal,Annually,1
3697,3697,55,Female,Williams F1 Team Gloves,Clothing,27.46165258364597,Pennsylvania,Winter,3,No,PayPal,Standard,No,No,39,Cash,Weekly,2
3442,3442,28,Female,Williams F1 Team T-shirt,Clothing,34.272356131176835,Michigan,Spring,4.3,No,Venmo,Next Day Air,No,No,12,PayPal,Weekly,1
3180,3180,18,Female,Williams F1 Team Polo Shirt,Clothing,51.14599020128743,Montana,Fall,3.8,No,Cash,Standard,No,No,46,PayPal,Weekly,1
1327,1327,52,Male,Williams F1 Team Socks,Clothing,11.368336682785229,Florida,Winter,2.8,No,Credit Card,Standard,Yes,Yes,37,Cash,Weekly,2
1342,1342,57,Male,Williams F1 Team Water Bottle,Drinkware,14.19615667106962,Arizona,Summer,3.4,No,Cash,2-Day Shipping,Yes,Yes,11,Bank Transfer,Monthly,2
736,736,18,Male,Williams F1 Team Travel Mug,Drinkware,22.43451566066236,Colorado,Spring,2.9,Yes,Debit Card,2-Day Shipping,Yes,Yes,32,Credit Card,Every 3 Months,1
3552,3552,22,Female,Williams F1 Team Gloves,Clothing,28.090701101615387,Kentucky,Winter,2.9,No,Credit Card,Next Day Air,No,No,3,PayPal,Quarterly,1
1487,1487,40,Male,Williams F1 Team Water Bottle,Drinkware,14.518037173503226,Arizona,Summer,4.6,No,Credit Card,Store Pickup,Yes,Yes,26,PayPal,Annually,1
549,549,31,Male,Williams F1 Team Pin Badge,Accessories,6.624244528749067,Arizona,Fall,3.6,Yes,Cash,Express,Yes,Yes,37,Venmo,Bi-Weekly,1
1210,1210,34,Male,Williams F1 Team T-shirt,Clothing,30.36882485743947,Missouri,Fall,4.1,No,PayPal,Next Day Air,Yes,Yes,5,Cash,Quarterly,1
2465,2465,18,Male,Williams F1 Team Flag,Accessories,24.74827195514773,Texas,Spring,4.4,No,Cash,Free Shipping,No,No,20,Bank Transfer,Weekly,1
2778,2778,70,Female,Williams F1 Team Travel Mug,Drinkware,22.939480954195325,Pennsylvania,Spring,3.2,No,Cash,Standard,No,No,24,Credit Card,Bi-Weekly,2
3871,3871,55,Female,Williams F1 Team Backpack,Accessories,73.68506431921935,Minnesota,Fall,4.1,No,Credit Card,2-Day Shipping,No,No,20,Bank Transfer,Every 3 Months,0
851,851,35,Male,Williams F1 Team Polo Shirt,Clothing,50.050064660224265,Massachusetts,Summer,2.9,Yes,Credit Card,Express,Yes,Yes,19,Debit Card,Monthly,1
2877,2877,32,Female,Williams F1 Team Poster,Miscellaneous,15.659685189622287,New Jersey,Summer,3.6,No,PayPal,Standard,No,No,34,Venmo,Monthly,1
195,195,51,Male,Williams F1 Team Wristband,Accessories,5.689490247285729,New York,Fall,4.3,Yes,Credit Card,Free Shipping,Yes,Yes,34,Credit Card,Monthly,2
19,19,66,Male,Williams F1 Team Sunglasses,Accessories,53.667439172333154,Rhode Island,Summer,3.3,Yes,Venmo,Standard,Yes,Yes,46,Debit Card,Bi-Weekly,2
1085,1085,25,Male,Williams F1 Team Polo Shirt,Clothing,45.22143390822775,Utah,Winter,3,No,PayPal,Store Pickup,Yes,Yes,23,Venmo,Fortnightly,1
2490,2490,52,Male,Williams F1 Team T-shirt,Clothing,37.57179466448137,Montana,Spring,4,No,PayPal,Free Shipping,No,No,5,Cash,Every 3 Months,2
2967,2967,34,Female,Williams F1 Team Mug,Drinkware,9.392280498251347,Indiana,Summer,3.4,No,Cash,Free Shipping,No,No,40,Venmo,Annually,1
1092,1092,68,Male,Williams F1 Team Beanie,Clothing,19.806940788942185,South Dakota,Spring,4.1,No,Credit Card,2-Day Shipping,Yes,Yes,20,Venmo,Quarterly,2
2510,2510,40,Male,Williams F1 Team Water Bottle,Drinkware,12.845688342987891,South Dakota,Winter,4.4,No,Cash,Standard,No,No,48,Credit Card,Weekly,1
2050,2050,35,Male,Williams F1 Team Backpack,Accessories,73.11024145764033,Mississippi,Summer,3.4,No,Credit Card,Store Pickup,No,No,10,Debit Card,Annually,0
2109,2109,59,Male,Williams F1 Team Lanyard,Accessories,7.767526884694075,California,Fall,2.7,No,Cash,Free Shipping,No,No,28,Venmo,Every 3 Months,2
2314,2314,42,Male,Williams F1 Team Backpack,Accessories,75.95073199657908,Virginia,Winter,4.4,No,Venmo,Express,No,No,12,Bank Transfer,Every 3 Months,0
1277,1277,19,Male,Williams F1 Team Backpack,Accessories,81.42226871397109,Rhode Island,Spring,5,No,Debit Card,Express,Yes,Yes,5,Venmo,Quarterly,0
3701,3701,46,Female,Williams F1 Team Gloves,Clothing,25.46591586497661,New Mexico,Spring,4.5,No,Cash,Store Pickup,No,No,36,Cash,Annually,2
1329,1329,70,Male,Williams F1 Team Flag,Accessories,23.21108922049294,Texas,Fall,3.3,No,PayPal,Express,Yes,Yes,50,PayPal,Every 3 Months,2
3,3,21,Male,Williams F1 Team Sunglasses,Accessories,51.37743477949907,Rhode Island,Spring,3.5,Yes,PayPal,Next Day Air,Yes,Yes,49,PayPal,Weekly,1
1528,1528,69,Male,Williams F1 Team Desk Mat,Tech Gear,33.09394837864854,Oregon,Spring,4,No,Credit Card,Store Pickup,Yes,Yes,47,Venmo,Bi-Weekly,2
1918,1918,35,Male,Williams F1 Team Keychain,Accessories,6.845335263541086,Idaho,Summer,4.6,No,PayPal,Standard,No,No,33,Debit Card,Monthly,1
2209,2209,42,Male,Williams F1 Team Sticker Pack,Miscellaneous,5.69397169705737,Utah,Summer,4.5,No,Credit Card,2-Day Shipping,No,No,44,Bank Transfer,Quarterly,1
642,642,64,Male,Williams F1 Team Wristband,Accessories,4.720246138075582,Arkansas,Spring,2.8,Yes,Credit Card,2-Day Shipping,Yes,Yes,14,Debit Card,Bi-Weekly,2
2856,2856,65,Female,Williams F1 Team Poster,Miscellaneous,15.89148361146275,Iowa,Winter,3.5,No,Debit Card,2-Day Shipping,No,No,31,Credit Card,Monthly,2
822,822,35,Male,Williams F1 Team Scarf,Clothing,26.85769093143309,Mississippi,Winter,3.4,Yes,Cash,Standard,Yes,Yes,23,Bank Transfer,Annually,1
3262,3262,42,Female,Williams F1 Team Keychain,Accessories,8.725764492400607,Indiana,Spring,2.7,No,Cash,Standard,No,No,21,Cash,Every 3 Months,1
43,43,25,Male,Williams F1 Team Cap,Clothing,31.491797965179924,Ohio,Fall,3.7,Yes,PayPal,Store Pickup,Yes,Yes,19,PayPal,Fortnightly,1
1662,1662,63,Male,Williams F1 Team Wristband,Accessories,5.073960873797703,New Mexico,Winter,4.6,No,Debit Card,Free Shipping,Yes,Yes,46,Debit Card,Fortnightly,2
3050,3050,31,Female,Williams F1 Team T-shirt,Clothing,36.52237814969572,Kentucky,Spring,3.6,No,Cash,Standard,No,No,28,Venmo,Every 3 Months,1
3392,3392,53,Female,Williams F1 Team Desk Mat,Tech Gear,27.67262360342681,New Jersey,Winter,4.4,No,Credit Card,Free Shipping,No,No,6,Venmo,Bi-Weekly,2
962,962,29,Male,Williams F1 Team Flag,Accessories,26.65356916135213,Michigan,Spring,4.4,Yes,Cash,Standard,Yes,Yes,26,Debit Card,Fortnightly,1
1690,1690,40,Male,Williams F1 Team Lanyard,Accessories,6.004157094081232,Nevada,Summer,3.2,No,Cash,Free Shipping,No,No,1,Cash,Annually,1
1419,1419,43,Male,Williams F1 Team Desk Mat,Tech Gear,27.77359724608943,Montana,Summer,2.6,No,Debit Card,Free Shipping,Yes,Yes,4,Debit Card,Quarterly,1
1556,1556,43,Male,Williams F1 Team Travel Mug,Drinkware,18.69714549246569,Alabama,Fall,2.7,No,Venmo,Standard,Yes,Yes,26,Credit Card,Quarterly,1
3399,3399,40,Female,Williams F1 Team Phone Case,Tech Gear,22.45920965889989,Montana,Winter,3.3,No,Debit Card,Standard,No,No,36,Debit Card,Annually,1
587,587,29,Male,Williams F1 Team Polo Shirt,Clothing,46.73020599139194,Washington,Fall,4.2,Yes,PayPal,Express,Yes,Yes,48,Debit Card,Every 3 Months,1
3434,3434,31,Female,Williams F1 Team Desk Mat,Tech Gear,33.31016975556111,Ohio,Summer,3.3,No,PayPal,2-Day Shipping,No,No,6,Venmo,Fortnightly,1
2183,2183,30,Male,Williams F1 Team Mug,Drinkware,11.056950032063892,Kansas,Spring,4.7,No,PayPal,Store Pickup,No,No,2,Cash,Monthly,1
3477,3477,53,Female,Williams F1 Team Polo Shirt,Clothing,47.41063814143374,Kentucky,Spring,3.8,No,PayPal,Store Pickup,No,No,38,Debit Card,Bi-Weekly,2
358,358,48,Male,Williams F1 Team Wristband,Accessories,5.196952973595219,Minnesota,Summer,3.6,Yes,Debit Card,Express,Yes,Yes,36,Credit Card,Every 3 Months,2
151,151,28,Male,Williams F1 Team Poster,Miscellaneous,16.90861878558033,North Dakota,Fall,4.5,Yes,Debit Card,Next Day Air,Yes,Yes,3,Venmo,Annually,1
1715,1715,23,Male,Williams F1 Team Cap,Clothing,30.563215952115904,Idaho,Spring,3.4,No,PayPal,2-Day Shipping,No,No,30,PayPal,Bi-Weekly,1
3120,3120,46,Female,Williams F1 Team T-shirt,Clothing,33.94507477845448,Louisiana,Fall,4,No,Venmo,Store Pickup,No,No,32,Debit Card,Fortnightly,2
3224,3224,37,Female,Williams F1 Team Laptop Sleeve,Tech Gear,36.91120710178088,Delaware,Winter,2.7,No,Cash,Free Shipping,No,No,18,PayPal,Monthly,1
1921,1921,47,Male,Williams F1 Team Mug,Drinkware,10.944735772739897,Michigan,Fall,3.5,No,Cash,Store Pickup,No,No,13,Venmo,Annually,2
1965,1965,67,Male,Williams F1 Team Sunglasses,Accessories,65.43400461832601,Indiana,Fall,4.9,No,Venmo,Express,No,No,25,Debit Card,Quarterly,0
3080,3080,69,Female,Williams F1 Team Water Bottle,Drinkware,14.098848237882953,Colorado,Spring,4.1,No,PayPal,Next Day Air,No,No,5,Cash,Bi-Weekly,2
1823,1823,62,Male,Williams F1 Team Beanie,Clothing,21.03663056340141,Louisiana,Fall,4.7,No,Cash,Free Shipping,No,No,40,Bank Transfer,Bi-Weekly,2
2988,2988,69,Female,Williams F1 Team Phone Case,Tech Gear,21.040927125429786,Nevada,Spring,5,No,Debit Card,2-Day Shipping,No,No,31,Debit Card,Monthly,2
2313,2313,64,Male,Williams F1 Team Lanyard,Accessories,6.3961835915584535,Georgia,Summer,4.7,No,Venmo,Next Day Air,No,No,36,Bank Transfer,Fortnightly,2
2731,2731,52,Female,Williams F1 Team Keychain,Accessories,7.756788655084493,Wisconsin,Summer,2.5,No,PayPal,2-Day Shipping,No,No,44,Bank Transfer,Quarterly,2
2131,2131,19,Male,Williams F1 Team Phone Case,Tech Gear,21.51937822514257,Montana,Fall,3.6,No,Credit Card,Express,No,No,9,Bank Transfer,Fortnightly,1
3879,3879,26,Female,Williams F1 Team Flag,Accessories,24.436501288493627,Florida,Winter,4.1,No,Cash,Free Shipping,No,No,6,Debit Card,Quarterly,1
3142,3142,23,Female,Williams F1 Team Sticker Pack,Miscellaneous,4.860739602160467,Kansas,Winter,4,No,PayPal,2-Day Shipping,No,No,1,Venmo,Quarterly,1
1998,1998,20,Male,Williams F1 Team Water Bottle,Drinkware,16.023611185899675,Vermont,Fall,3.4,No,Debit Card,2-Day Shipping,No,No,19,Cash,Quarterly,1
3148,3148,37,Female,Williams F1 Team Keychain,Accessories,7.828499482303541,West Virginia,Fall,4.3,No,Credit Card,Free Shipping,No,No,15,Venmo,Weekly,1
2015,2015,57,Male,Williams F1 Team Umbrella,Accessories,38.39344518806504,Virginia,Summer,4.5,No,Debit Card,Next Day Air,No,No,8,Credit Card,Fortnightly,2
942,942,26,Male,Williams F1 Team Sunglasses,Accessories,56.285597489124,Arizona,Winter,3.2,Yes,Cash,Express,Yes,Yes,38,PayPal,Bi-Weekly,0
1486,1486,25,Male,Williams F1 Team Desk Mat,Tech Gear,33.91393099581979,Idaho,Spring,5,No,Cash,Free Shipping,Yes,Yes,23,Venmo,Every 3 Months,1
3480,3480,21,Female,Williams F1 Team Laptop Sleeve,Tech Gear,35.86966066619251,New Hampshire,Winter,3.5,No,Cash,Free Shipping,No,No,45,PayPal,Monthly,1
353,353,63,Male,Williams F1 Team Flag,Accessories,23.087721561537872,Missouri,Fall,4.1,Yes,Credit Card,Store Pickup,Yes,Yes,35,Debit Card,Monthly,2
1223,1223,69,Male,Williams F1 Team Wristband,Accessories,4.751955680192276,Kansas,Winter,3.9,No,Credit Card,Free Shipping,Yes,Yes,21,Bank Transfer,Weekly,2
2289,2289,70,Male,Williams F1 Team Umbrella,Accessories,41.386805865226655,Nevada,Fall,4.1,No,PayPal,Free Shipping,No,No,47,Venmo,Weekly,2
2112,2112,43,Male,Williams F1 Team Gloves,Clothing,24.10210253982104,Tennessee,Fall,4.5,No,Credit Card,2-Day Shipping,No,No,7,Cash,Fortnightly,1
545,545,33,Male,Williams F1 Team Lanyard,Accessories,6.761456533985658,Alabama,Summer,3.5,Yes,Bank Transfer,2-Day Shipping,Yes,Yes,48,Debit Card,Annually,1
558,558,50,Male,Williams F1 Team T-shirt,Clothing,34.21283098439822,Iowa,Fall,3.2,Yes,Venmo,Express,Yes,Yes,43,Debit Card,Every 3 Months,2
1332,1332,66,Male,Williams F1 Team Scarf,Clothing,25.51781260234709,Alaska,Spring,4.3,No,Bank Transfer,Store Pickup,Yes,Yes,16,Bank Transfer,Quarterly,2
2868,2868,45,Female,Williams F1 Team Beanie,Clothing,18.363542938479835,Colorado,Winter,2.6,No,Debit Card,Next Day Air,No,No,42,PayPal,Every 3 Months,2
1459,1459,20,Male,Williams F1 Team Keychain,Accessories,7.714598625031492,Maine,Winter,4.8,No,PayPal,Express,Yes,Yes,18,Venmo,Fortnightly,1
2292,2292,43,Male,Williams F1 Team Keychain,Accessories,9.10694512898185,Vermont,Spring,3.8,No,Debit Card,Next Day Air,No,No,31,Debit Card,Monthly,1
2009,2009,37,Male,Williams F1 Team Jacket,Clothing,120.65505749515034,Alabama,Summer,3.8,No,Venmo,Next Day Air,No,No,26,Venmo,Bi-Weekly,0
1880,1880,34,Male,Williams F1 Team Keychain,Accessories,7.353192695244763,New Jersey,Fall,3.1,No,PayPal,2-Day Shipping,No,No,8,Debit Card,Monthly,1
581,581,32,Male,Williams F1 Team Jacket,Clothing,105.46199337944162,Iowa,Winter,2.7,Yes,Credit Card,Store Pickup,Yes,Yes,12,Bank Transfer,Every 3 Months,0
320,320,66,Male,Williams F1 Team Desk Mat,Tech Gear,30.68252441022156,Kansas,Summer,4.9,Yes,PayPal,Standard,Yes,Yes,28,Debit Card,Quarterly,2
1903,1903,59,Male,Williams F1 Team Flag,Accessories,25.853403199543216,North Carolina,Summer,3.3,No,Bank Transfer,Standard,No,No,37,Bank Transfer,Weekly,2
1600,1600,20,Male,Williams F1 Team Wristband,Accessories,5.491490671426223,Montana,Spring,4.7,No,PayPal,Next Day Air,Yes,Yes,24,PayPal,Weekly,1
3438,3438,26,Female,Williams F1 Team Cap,Clothing,31.974194751488017,Kentucky,Fall,3,No,Debit Card,Store Pickup,No,No,33,Credit Card,Monthly,1
3744,3744,24,Female,Williams F1 Team Beanie,Clothing,18.29375576865683,New Jersey,Summer,2.7,No,Venmo,Next Day Air,No,No,26,Bank Transfer,Fortnightly,1
1934,1934,34,Male,Williams F1 Team Water Bottle,Drinkware,12.971446523802872,Michigan,Winter,2.7,No,Debit Card,Free Shipping,No,No,23,Bank Transfer,Annually,1
2384,2384,24,Male,Williams F1 Team Keychain,Accessories,8.530870315478277,Alabama,Winter,3.3,No,Debit Card,2-Day Shipping,No,No,40,PayPal,Quarterly,1
3240,3240,56,Female,Williams F1 Team Mug,Drinkware,10.576884607716636,West Virginia,Fall,3.8,No,Credit Card,2-Day Shipping,No,No,37,Bank Transfer,Monthly,2
3064,3064,22,Female,Williams F1 Team T-shirt,Clothing,32.969243970438114,Idaho,Winter,3.6,No,Debit Card,Express,No,No,49,Bank Transfer,Quarterly,1
3815,3815,32,Female,Williams F1 Team Water Bottle,Drinkware,16.404449842339844,Maine,Fall,4.3,No,Venmo,Express,No,No,12,Venmo,Fortnightly,1
2078,2078,49,Male,Williams F1 Team Water Bottle,Drinkware,14.37864133406836,Hawaii,Spring,3.2,No,Venmo,Next Day Air,No,No,40,Debit Card,Weekly,2
3826,3826,50,Female,Williams F1 Team Lanyard,Accessories,6.135147959067703,Montana,Summer,4,No,Bank Transfer,Express,No,No,25,Bank Transfer,Annually,2
1764,1764,61,Male,Williams F1 Team Travel Mug,Drinkware,19.967329756631685,Delaware,Summer,3,No,PayPal,Store Pickup,No,No,34,Venmo,Quarterly,2
1405,1405,33,Male,Williams F1 Team Jacket,Clothing,123.3281556307348,New Hampshire,Winter,2.7,No,Cash,Store Pickup,Yes,Yes,39,Credit Card,Monthly,0
2673,2673,67,Female,Williams F1 Team Sticker Pack,Miscellaneous,5.194560552924335,Nevada,Summer,2.6,No,Cash,2-Day Shipping,No,No,4,Cash,Monthly,2
1872,1872,43,Male,Williams F1 Team Flag,Accessories,23.552570037913465,Alaska,Summer,4.6,No,Credit Card,Standard,No,No,24,Credit Card,Monthly,1
2028,2028,29,Male,Williams F1 Team Umbrella,Accessories,34.968597822154074,Ohio,Fall,3.7,No,Cash,2-Day Shipping,No,No,10,Venmo,Bi-Weekly,1
1905,1905,47,Male,Williams F1 Team Keychain,Accessories,7.914911030318097,Idaho,Summer,4.9,No,Debit Card,2-Day Shipping,No,No,14,Bank Transfer,Fortnightly,2
3658,3658,28,Female,Williams F1 Team Desk Mat,Tech Gear,26.20747964321129,Mississippi,Fall,4.6,No,Cash,Standard,No,No,18,PayPal,Fortnightly,1
3624,3624,22,Female,Williams F1 Team Umbrella,Accessories,36.927899754064754,Texas,Fall,5,No,PayPal,Store Pickup,No,No,22,Bank Transfer,Bi-Weekly,1
1554,1554,64,Male,Williams F1 Team Poster,Miscellaneous,16.881847231337634,Utah,Winter,2.7,No,Credit Card,Standard,Yes,Yes,18,Cash,Bi-Weekly,2
1438,1438,58,Male,Williams F1 Team Mug,Drinkware,9.096204461512746,Washington,Spring,2.9,No,Cash,Standard,Yes,Yes,24,Debit Card,Monthly,2
2821,2821,35,Female,Williams F1 Team Desk Mat,Tech Gear,25.6723141933603,Georgia,Summer,4.5,No,Credit Card,Standard,No,No,37,Venmo,Monthly,1
1127,1127,50,Male,Williams F1 Team Phone Case,Tech Gear,20.83929862241368,Delaware,Spring,4.8,No,Venmo,Store Pickup,Yes,Yes,22,Debit Card,Monthly,2
1462,1462,38,Male,Williams F1 Team Sunglasses,Accessories,61.45041097706617,Utah,Summer,4.8,No,Venmo,2-Day Shipping,Yes,Yes,2,Venmo,Quarterly,0
1842,1842,61,Male,Williams F1 Team T-shirt,Clothing,39.02094415891699,Alabama,Summer,4.4,No,Bank Transfer,Express,No,No,1,Debit Card,Annually,2
1894,1894,42,Male,Williams F1 Team Sunglasses,Accessories,63.13309292410802,Arizona,Fall,2.5,No,Credit Card,Free Shipping,No,No,48,Debit Card,Bi-Weekly,0
1514,1514,26,Male,Williams F1 Team Sunglasses,Accessories,57.80476197495784,Utah,Winter,3.9,No,Venmo,2-Day Shipping,Yes,Yes,1,Venmo,Weekly,0
2392,2392,40,Male,Williams F1 Team Scarf,Clothing,25.89810824622939,Missouri,Spring,2.6,No,Cash,2-Day Shipping,No,No,36,Cash,Annually,1
1765,1765,68,Male,Williams F1 Team Polo Shirt,Clothing,42.97545516052888,New Mexico,Spring,4.1,No,Bank Transfer,2-Day Shipping,No,No,41,Venmo,Quarterly,2
2780,2780,33,Female,Williams F1 Team Cap,Clothing,32.0566603194033,Ohio,Winter,4.1,No,Bank Transfer,Next Day Air,No,No,29,PayPal,Fortnightly,1
832,832,58,Male,Williams F1 Team Laptop Sleeve,Tech Gear,31.700028349836018,California,Fall,2.5,Yes,Credit Card,Express,Yes,Yes,28,Cash,Bi-Weekly,2
2498,2498,18,Male,Williams F1 Team Socks,Clothing,11.336651324547866,Massachusetts,Fall,2.6,No,Cash,Next Day Air,No,No,38,Cash,Fortnightly,1
3020,3020,23,Female,Williams F1 Team Laptop Sleeve,Tech Gear,29.791438062596367,Arkansas,Fall,2.8,No,Bank Transfer,Store Pickup,No,No,48,Venmo,Every 3 Months,1
2624,2624,19,Male,Williams F1 Team Scarf,Clothing,23.38504845671677,South Dakota,Summer,3.3,No,Debit Card,Standard,No,No,19,Credit Card,Annually,1
3785,3785,64,Female,Williams F1 Team Hoodie,Clothing,71.02904911493714,New Hampshire,Winter,3.8,No,Debit Card,Standard,No,No,6,Cash,Monthly,0
14,14,64,Male,Williams F1 Team Phone Case,Tech Gear,21.41244023129528,New York,Winter,4.7,Yes,PayPal,Free Shipping,Yes,Yes,34,Debit Card,Weekly,2
542,542,27,Male,Williams F1 Team Laptop Sleeve,Tech Gear,37.0446171338912,Illinois,Spring,4.6,Yes,Venmo,Next Day Air,Yes,Yes,35,Cash,Bi-Weekly,1
3310,3310,45,Female,Williams F1 Team Pin Badge,Accessories,6.203199220227853,Iowa,Winter,3.6,No,Debit Card,Free Shipping,No,No,12,PayPal,Fortnightly,2
3484,3484,44,Female,Williams F1 Team Desk Mat,Tech Gear,29.11287639438133,Illinois,Fall,4.2,No,Debit Card,Free Shipping,No,No,13,Credit Card,Bi-Weekly,1
1794,1794,60,Male,Williams F1 Team Socks,Clothing,14.52388254957734,Ohio,Spring,3.7,No,Bank Transfer,Express,No,No,21,Debit Card,Fortnightly,2
3202,3202,65,Female,Williams F1 Team Mug,Drinkware,8.904888614859722,Wisconsin,Fall,4.5,No,Bank Transfer,Standard,No,No,38,Venmo,Annually,2
3465,3465,19,Female,Williams F1 Team Phone Case,Tech Gear,18.26921771046314,Iowa,Spring,3.4,No,Bank Transfer,Standard,No,No,31,Debit Card,Weekly,1
3462,3462,44,Female,Williams F1 Team Desk Mat,Tech Gear,33.93897972121127,Michigan,Spring,4.5,No,Bank Transfer,Standard,No,No,34,Credit Card,Every 3 Months,1
2247,2247,34,Male,Williams F1 Team Mug,Drinkware,10.120743709428377,Florida,Summer,4.4,No,PayPal,Next Day Air,No,No,18,Venmo,Annually,1
716,716,30,Male,Williams F1 Team Pin Badge,Accessories,5.342691070204324,Missouri,Spring,3.6,Yes,PayPal,Express,Yes,Yes,9,Venmo,Bi-Weekly,1
2721,2721,19,Female,Williams F1 Team Cap,Clothing,33.63691468970314,Minnesota,Spring,4.9,No,Cash,Free Shipping,No,No,17,PayPal,Fortnightly,1
2065,2065,27,Male,Williams F1 Team Socks,Clothing,11.514836274442551,Oregon,Spring,2.9,No,PayPal,Free Shipping,No,No,6,Bank Transfer,Bi-Weekly,1
1217,1217,50,Male,Williams F1 Team Flag,Accessories,21.720692266112323,Nebraska,Fall,2.6,No,Debit Card,Free Shipping,Yes,Yes,12,Cash,Every 3 Months,2
3342,3342,66,Female,Williams F1 Team Laptop Sleeve,Tech Gear,34.42251764029627,New Jersey,Spring,3.8,No,Credit Card,Free Shipping,No,No,45,Credit Card,Weekly,2
2619,2619,68,Male,Williams F1 Team Socks,Clothing,11.072594115152707,Connecticut,Winter,3.9,No,Credit Card,Free Shipping,No,No,47,Credit Card,Weekly,2
1100,1100,50,Male,Williams F1 Team Pin Badge,Accessories,6.594602458165102,Nevada,Spring,4.4,No,Debit Card,Express,Yes,Yes,2,Credit Card,Weekly,2
3719,3719,20,Female,Williams F1 Team Sunglasses,Accessories,62.65529648865527,Pennsylvania,Summer,4.1,No,Cash,Free Shipping,No,No,8,Bank Transfer,Every 3 Months,0
1066,1066,49,Male,Williams F1 Team Backpack,Accessories,72.0603414151669,Mississippi,Winter,4,No,Credit Card,Store Pickup,Yes,Yes,11,PayPal,Bi-Weekly,0
1909,1909,50,Male,Williams F1 Team Umbrella,Accessories,41.65073103298637,Kentucky,Spring,4.3,No,PayPal,Store Pickup,No,No,12,Credit Card,Monthly,2
1523,1523,54,Male,Williams F1 Team Polo Shirt,Clothing,51.27759388348749,Georgia,Summer,3.3,No,Venmo,2-Day Shipping,Yes,Yes,35,Debit Card,Annually,0
1412,1412,25,Male,Williams F1 Team Jacket,Clothing,123.16370245792764,Michigan,Summer,2.6,No,Debit Card,2-Day Shipping,Yes,Yes,43,Venmo,Annually,0
2146,2146,48,Male,Williams F1 Team Sticker Pack,Miscellaneous,4.614198043202901,Utah,Summer,4.6,No,Debit Card,Standard,No,No,45,PayPal,Every 3 Months,2
1854,1854,25,Male,Williams F1 Team Scarf,Clothing,24.674580363541192,Kentucky,Spring,3.8,No,Credit Card,Express,No,No,49,Credit Card,Annually,1
232,232,54,Male,Williams F1 Team Pin Badge,Accessories,6.156379457950738,Hawaii,Winter,4.2,Yes,Bank Transfer,Express,Yes,Yes,32,Bank Transfer,Bi-Weekly,2
2243,2243,56,Male,Williams F1 Team Sticker Pack,Miscellaneous,4.8198495432573445,Massachusetts,Winter,3.7,No,Cash,2-Day Shipping,No,No,13,Debit Card,Annually,2
743,743,21,Male,Williams F1 Team Umbrella,Accessories,41.33514539709717,North Carolina,Fall,4.9,Yes,PayPal,Free Shipping,Yes,Yes,36,Cash,Weekly,1
3418,3418,53,Female,Williams F1 Team Lanyard,Accessories,6.168324307455183,South Carolina,Summer,2.8,No,Cash,Free Shipping,No,No,35,Debit Card,Annually,2
3204,3204,57,Female,Williams F1 Team Hoodie,Clothing,64.95575416377683,New Mexico,Fall,4.3,No,Credit Card,Free Shipping,No,No,23,Debit Card,Bi-Weekly,0
2663,2663,46,Female,Williams F1 Team Phone Case,Tech Gear,22.19248556594164,Wisconsin,Fall,2.9,No,Credit Card,Free Shipping,No,No,23,Bank Transfer,Annually,2
1108,1108,27,Male,Williams F1 Team Wristband,Accessories,4.378492778106572,Nebraska,Fall,2.8,No,Venmo,Standard,Yes,Yes,50,Cash,Fortnightly,1
2369,2369,24,Male,Williams F1 Team Sticker Pack,Miscellaneous,4.353497607574481,Vermont,Winter,4.6,No,Debit Card,Standard,No,No,24,PayPal,Monthly,1
3274,3274,46,Female,Williams F1 Team Sticker Pack,Miscellaneous,4.618367668374899,Oklahoma,Spring,3.9,No,Credit Card,Store Pickup,No,No,14,Cash,Fortnightly,2
1875,1875,63,Male,Williams F1 Team Cap,Clothing,31.94533013417399,Tennessee,Winter,3.9,No,Debit Card,Next Day Air,No,No,6,Credit Card,Quarterly,2
1682,1682,65,Male,Williams F1 Team Backpack,Accessories,71.5149591481881,New York,Fall,4.9,No,Venmo,2-Day Shipping,No,No,37,Credit Card,Bi-Weekly,0
3635,3635,52,Female,Williams F1 Team Lanyard,Accessories,6.048721771310457,Colorado,Fall,3.3,No,Cash,Free Shipping,No,No,17,Credit Card,Fortnightly,2
849,849,23,Male,Williams F1 Team Scarf,Clothing,27.49612807214104,Missouri,Spring,4.3,Yes,Debit Card,Express,Yes,Yes,24,PayPal,Quarterly,1
1454,1454,66,Male,Williams F1 Team Beanie,Clothing,20.511796464315506,Georgia,Winter,2.9,No,Bank Transfer,Free Shipping,Yes,Yes,17,Credit Card,Annually,2
206,206,24,Male,Williams F1 Team Phone Case,Tech Gear,20.1611953562697,Wisconsin,Summer,4.2,Yes,Venmo,Free Shipping,Yes,Yes,6,Venmo,Fortnightly,1
3793,3793,62,Female,Williams F1 Team Sticker Pack,Miscellaneous,5.238669283622102,Delaware,Fall,4,No,Cash,Standard,No,No,46,Bank Transfer,Annually,2
1377,1377,33,Male,Williams F1 Team Phone Case,Tech Gear,22.089320369096708,Maryland,Spring,3,No,Credit Card,Next Day Air,Yes,Yes,42,Venmo,Monthly,1
1169,1169,25,Male,Williams F1 Team Hoodie,Clothing,57.980527081613815,Wyoming,Fall,4.5,No,Venmo,2-Day Shipping,Yes,Yes,3,Cash,Annually,0
144,144,19,Male,Williams F1 Team Water Bottle,Drinkware,15.856327370144188,New Jersey,Fall,3.2,Yes,Credit Card,Express,Yes,Yes,25,Cash,Monthly,1
2216,2216,41,Male,Williams F1 Team Mug,Drinkware,10.000666182876303,Vermont,Winter,4,No,Credit Card,Store Pickup,No,No,15,Venmo,Bi-Weekly,1
636,636,41,Male,Williams F1 Team Lanyard,Accessories,6.3003328746593255,Wisconsin,Summer,2.8,Yes,Cash,Store Pickup,Yes,Yes,14,Bank Transfer,Every 3 Months,1
3468,3468,36,Female,Williams F1 Team Sunglasses,Accessories,53.02525724890785,Ohio,Winter,3.5,No,Credit Card,Standard,No,No,36,Debit Card,Quarterly,0
588,588,47,Male,Williams F1 Team Scarf,Clothing,27.99134831162959,South Dakota,Fall,3,Yes,Debit Card,Standard,Yes,Yes,9,Debit Card,Quarterly,2
1292,1292,26,Male,Williams F1 Team Scarf,Clothing,26.561039337135547,Kentucky,Summer,3.9,No,Debit Card,Free Shipping,Yes,Yes,42,Bank Transfer,Annually,1
2569,2569,42,Male,Williams F1 Team Desk Mat,Tech Gear,28.783299571767884,New York,Spring,4.8,No,Debit Card,Free Shipping,No,No,10,Bank Transfer,Bi-Weekly,1
1320,1320,56,Male,Williams F1 Team Lanyard,Accessories,8.034122289166175,California,Fall,3.1,No,PayPal,Free Shipping,Yes,Yes,19,Debit Card,Annually,2
1309,1309,32,Male,Williams F1 Team Sticker Pack,Miscellaneous,4.701054695029885,Hawaii,Summer,4.7,No,Bank Transfer,Store Pickup,Yes,Yes,41,Cash,Quarterly,1
2022,2022,59,Male,Williams F1 Team Mug,Drinkware,10.037327194083948,Alabama,Winter,4,No,Bank Transfer,Store Pickup,No,No,16,Cash,Bi-Weekly,2
701,701,51,Male,Williams F1 Team Sunglasses,Accessories,59.85466681795408,Idaho,Fall,3.3,Yes,Cash,Next Day Air,Yes,Yes,5,Debit Card,Every 3 Months,0
1007,1007,58,Male,Williams F1 Team Scarf,Clothing,28.47214595961075,Georgia,Spring,4.8,Yes,Venmo,Standard,Yes,Yes,2,Credit Card,Annually,2
2190,2190,42,Male,Williams F1 Team Desk Mat,Tech Gear,33.695490773894214,Alaska,Spring,4.6,No,Debit Card,Express,No,No,33,Credit Card,Annually,1
3649,3649,68,Female,Williams F1 Team Travel Mug,Drinkware,17.23475115414652,Minnesota,Fall,4.4,No,Debit Card,Standard,No,No,33,Credit Card,Fortnightly,2
3643,3643,53,Female,Williams F1 Team Backpack,Accessories,77.95870710027523,Tennessee,Fall,3.2,No,Bank Transfer,Standard,No,No,47,Debit Card,Annually,0
313,313,42,Male,Williams F1 Team T-shirt,Clothing,33.48066355098155,Vermont,Spring,3.7,Yes,PayPal,Express,Yes,Yes,50,Credit Card,Every 3 Months,1
2362,2362,27,Male,Williams F1 Team Socks,Clothing,14.06739447266067,Virginia,Fall,2.7,No,Venmo,Standard,No,No,24,Credit Card,Monthly,1
3665,3665,28,Female,Williams F1 Team T-shirt,Clothing,34.70541630220543,North Carolina,Fall,3.4,No,Credit Card,Next Day Air,No,No,11,Credit Card,Quarterly,1
3313,3313,55,Female,Williams F1 Team Lanyard,Accessories,7.737475174610098,Kansas,Fall,3.9,No,Cash,Express,No,No,45,Credit Card,Monthly,2
1211,1211,23,Male,Williams F1 Team Hoodie,Clothing,60.32310506920251,Oklahoma,Spring,4.6,No,Venmo,Store Pickup,Yes,Yes,14,Venmo,Every 3 Months,0
181,181,32,Male,Williams F1 Team Scarf,Clothing,21.76905309835188,Massachusetts,Summer,4.7,Yes,Venmo,Next Day Air,Yes,Yes,4,Bank Transfer,Weekly,1
689,689,19,Male,Williams F1 Team Sunglasses,Accessories,58.907841028175504,Pennsylvania,Summer,4.7,Yes,Cash,Express,Yes,Yes,35,Credit Card,Every 3 Months,1
1629,1629,35,Male,Williams F1 Team Polo Shirt,Clothing,49.55109953686733,North Dakota,Spring,3.3,No,Credit Card,Next Day Air,Yes,Yes,13,Venmo,Quarterly,1
2222,2222,32,Male,Williams F1 Team Gloves,Clothing,28.12608937223682,Georgia,Summer,4.4,No,PayPal,Store Pickup,No,No,30,Credit Card,Weekly,1
674,674,48,Male,Williams F1 Team Keychain,Accessories,8.363332654102754,Washington,Winter,4.7,Yes,Venmo,Store Pickup,Yes,Yes,36,Bank Transfer,Annually,2
1778,1778,49,Male,Williams F1 Team Hoodie,Clothing,69.86138379749393,Texas,Winter,4.9,No,Debit Card,Store Pickup,No,No,8,Debit Card,Bi-Weekly,0
733,733,45,Male,Williams F1 Team Mug,Drinkware,8.961359135373257,Rhode Island,Fall,2.7,Yes,Cash,2-Day Shipping,Yes,Yes,20,Debit Card,Bi-Weekly,2
3098,3098,66,Female,Williams F1 Team Flag,Accessories,27.789755261747096,New Mexico,Summer,3.3,No,Bank Transfer,Next Day Air,No,No,50,Bank Transfer,Quarterly,2
564,564,67,Male,Williams F1 Team Travel Mug,Drinkware,21.05606280192076,Florida,Winter,3.4,Yes,Cash,Next Day Air,Yes,Yes,30,Bank Transfer,Weekly,2
2,2,50,Male,Williams F1 Team Desk Mat,Tech Gear,25.9051517778644,Massachusetts,Spring,3.1,Yes,Cash,Free Shipping,Yes,Yes,23,Credit Card,Weekly,2
2687,2687,61,Female,Williams F1 Team Desk Mat,Tech Gear,32.84684643170555,Delaware,Fall,3.6,No,Cash,2-Day Shipping,No,No,12,Debit Card,Bi-Weekly,2
965,965,43,Male,Williams F1 Team Phone Case,Tech Gear,22.47347184237094,Delaware,Spring,5,Yes,Debit Card,Store Pickup,Yes,Yes,10,Credit Card,Annually,1
3164,3164,40,Female,Williams F1 Team Lanyard,Accessories,6.661787716161978,Arizona,Winter,2.6,No,Cash,Standard,No,No,16,Credit Card,Annually,1
792,792,34,Male,Williams F1 Team Water Bottle,Drinkware,15.908727253244528,New Jersey,Spring,4.2,Yes,Venmo,Next Day Air,Yes,Yes,45,Venmo,Weekly,1
2480,2480,61,Male,Williams F1 Team Sunglasses,Accessories,62.8319539953057,Ohio,Summer,2.9,No,Debit Card,Next Day Air,No,No,7,Credit Card,Fortnightly,0
560,560,25,Male,Williams F1 Team Poster,Miscellaneous,13.610595335839992,Louisiana,Fall,3.3,Yes,PayPal,Free Shipping,Yes,Yes,12,Debit Card,Annually,1
3511,3511,69,Female,Williams F1 Team Laptop Sleeve,Tech Gear,40.048424797301806,Mississippi,Summer,3.9,No,Venmo,2-Day Shipping,No,No,21,Credit Card,Every 3 Months,2
2723,2723,54,Female,Williams F1 Team Beanie,Clothing,17.961811820448325,Texas,Summer,2.9,No,Bank Transfer,Store Pickup,No,No,3,PayPal,Every 3 Months,2
938,938,36,Male,Williams F1 Team Backpack,Accessories,83.07171551359015,Wisconsin,Fall,4.8,Yes,Bank Transfer,Free Shipping,Yes,Yes,21,Debit Card,Fortnightly,0
3006,3006,37,Female,Williams F1 Team Jacket,Clothing,105.52677409710444,Utah,Summer,3.7,No,Venmo,Store Pickup,No,No,17,Venmo,Bi-Weekly,0
3868,3868,18,Female,Williams F1 Team Pin Badge,Accessories,5.230592631960147,Maryland,Winter,3.3,No,PayPal,2-Day Shipping,No,No,9,Cash,Annually,1
2239,2239,42,Male,Williams F1 Team Backpack,Accessories,76.25409598071512,Alabama,Summer,3.8,No,Bank Transfer,2-Day Shipping,No,No,41,Credit Card,Every 3 Months,0
1568,1568,51,Male,Williams F1 Team T-shirt,Clothing,32.41582090636191,Washington,Spring,4.6,No,Venmo,Store Pickup,Yes,Yes,8,Debit Card,Monthly,2
3250,3250,23,Female,Williams F1 Team Sunglasses,Accessories,66.77872853399961,Minnesota,Spring,2.9,No,Cash,2-Day Shipping,No,No,15,Venmo,Weekly,0
473,473,34,Male,Williams F1 Team Water Bottle,Drinkware,14.382390184738275,West Virginia,Spring,3.9,Yes,Venmo,Store Pickup,Yes,Yes,29,PayPal,Every 3 Months,1
2946,2946,38,Female,Williams F1 Team T-shirt,Clothing,33.399849637722106,Hawaii,Spring,2.8,No,Credit Card,Free Shipping,No,No,29,Bank Transfer,Quarterly,1
773,773,29,Male,Williams F1 Team Umbrella,Accessories,44.94178365288982,California,Winter,2.6,Yes,Venmo,Express,Yes,Yes,14,Debit Card,Bi-Weekly,1
3788,3788,43,Female,Williams F1 Team Flag,Accessories,24.5017245953519,Kansas,Spring,3.2,No,Cash,Next Day Air,No,No,27,Debit Card,Monthly,1
977,977,20,Male,Williams F1 Team Sticker Pack,Miscellaneous,4.356782776357886,Washington,Spring,4.6,Yes,Credit Card,Express,Yes,Yes,34,Cash,Bi-Weekly,1
693,693,46,Male,Williams F1 Team Phone Case,Tech Gear,17.651825114073535,Vermont,Spring,3.1,Yes,Credit Card,Free Shipping,Yes,Yes,30,Cash,Every 3 Months,2
1675,1675,35,Male,Williams F1 Team Sunglasses,Accessories,65.38865607772576,Colorado,Spring,4.7,No,Venmo,Next Day Air,Yes,Yes,21,Credit Card,Annually,0
3382,3382,34,Female,Williams F1 Team Keychain,Accessories,8.927884745138607,Nebraska,Spring,2.8,No,Bank Transfer,Express,No,No,2,Bank Transfer,Weekly,1
1775,1775,18,Male,Williams F1 Team Poster,Miscellaneous,13.213377372336687,Iowa,Spring,3.3,No,Bank Transfer,2-Day Shipping,No,No,12,Cash,Bi-Weekly,1
1676,1676,27,Male,Williams F1 Team Water Bottle,Drinkware,14.86650503483206,West Virginia,Winter,3.1,No,PayPal,Next Day Air,Yes,Yes,34,Bank Transfer,Weekly,1
1896,1896,57,Male,Williams F1 Team Beanie,Clothing,17.979757616502745,Nevada,Fall,2.9,No,Cash,Standard,No,No,19,Venmo,Monthly,2
1041,1041,36,Male,Williams F1 Team Wristband,Accessories,5.668699572105856,Minnesota,Summer,4.9,Yes,Venmo,Next Day Air,Yes,Yes,11,Cash,Fortnightly,1
253,253,52,Male,Williams F1 Team Desk Mat,Tech Gear,30.403607256251068,Oklahoma,Winter,4.9,Yes,PayPal,2-Day Shipping,Yes,Yes,15,Bank Transfer,Bi-Weekly,2
3579,3579,34,Female,Williams F1 Team Gloves,Clothing,24.912768265618823,Arizona,Fall,4.8,No,Bank Transfer,Standard,No,No,19,Credit Card,Every 3 Months,1
216,216,43,Male,Williams F1 Team Scarf,Clothing,28.187942802404184,Massachusetts,Spring,3.7,Yes,Cash,Free Shipping,Yes,Yes,21,Venmo,Weekly,1
1626,1626,32,Male,Williams F1 Team Keychain,Accessories,7.249534723277389,Nevada,Summer,2.6,No,Bank Transfer,Next Day Air,Yes,Yes,45,Credit Card,Bi-Weekly,1
304,304,40,Male,Williams F1 Team Umbrella,Accessories,40.15125656949613,Oregon,Winter,3.4,Yes,Venmo,Next Day Air,Yes,Yes,45,Credit Card,Bi-Weekly,1
2993,2993,32,Female,Williams F1 Team Sticker Pack,Miscellaneous,5.27549643308048,Kansas,Spring,4.2,No,Bank Transfer,Free Shipping,No,No,18,Cash,Bi-Weekly,1
1161,1161,63,Male,Williams F1 Team Phone Case,Tech Gear,17.36844497001519,Oklahoma,Fall,3.1,No,Bank Transfer,2-Day Shipping,Yes,Yes,37,PayPal,Monthly,2
2593,2593,36,Male,Williams F1 Team Mug,Drinkware,9.151031600628288,Colorado,Fall,4.7,No,Debit Card,Store Pickup,No,No,9,Bank Transfer,Every 3 Months,1
719,719,63,Male,Williams F1 Team Sticker Pack,Miscellaneous,5.694614191833568,Mississippi,Summer,3.3,Yes,Venmo,Next Day Air,Yes,Yes,42,Venmo,Bi-Weekly,2
2736,2736,44,Female,Williams F1 Team Wristband,Accessories,4.41883555626571,Montana,Spring,4.8,No,PayPal,Store Pickup,No,No,45,Credit Card,Annually,1
1625,1625,34,Male,Williams F1 Team Water Bottle,Drinkware,13.512452557111082,Minnesota,Winter,3,No,PayPal,Next Day Air,Yes,Yes,3,PayPal,Bi-Weekly,1
3472,3472,31,Female,Williams F1 Team Water Bottle,Drinkware,16.17341593945131,Georgia,Summer,4,No,Bank Transfer,Free Shipping,No,No,15,Debit Card,Weekly,1
3668,3668,59,Female,Williams F1 Team Cap,Clothing,26.15604701720257,Michigan,Summer,3.2,No,PayPal,Store Pickup,No,No,18,Venmo,Annually,2
1019,1019,32,Male,Williams F1 Team T-shirt,Clothing,34.40242592892259,Kentucky,Winter,2.8,Yes,Debit Card,Standard,Yes,Yes,33,Venmo,Bi-Weekly,1
879,879,62,Male,Williams F1 Team T-shirt,Clothing,35.42688611028166,Wyoming,Spring,4.1,Yes,Credit Card,Free Shipping,Yes,Yes,14,PayPal,Quarterly,2
2420,2420,41,Male,Williams F1 Team Polo Shirt,Clothing,50.78335704984034,North Carolina,Winter,4.2,No,PayPal,Free Shipping,No,No,28,PayPal,Annually,0
3491,3491,22,Female,Williams F1 Team Pin Badge,Accessories,6.7087984844798925,Maine,Winter,4.3,No,Bank Transfer,Express,No,No,15,Cash,Monthly,1
1324,1324,39,Male,Williams F1 Team T-shirt,Clothing,37.12118614228423,Indiana,Summer,3.8,No,Credit Card,Free Shipping,Yes,Yes,11,Credit Card,Fortnightly,1
804,804,43,Male,Williams F1 Team Poster,Miscellaneous,16.78705366175026,Mississippi,Summer,2.6,Yes,Cash,Store Pickup,Yes,Yes,28,Venmo,Quarterly,1
3252,3252,69,Female,Williams F1 Team Sticker Pack,Miscellaneous,4.308092511805007,Montana,Spring,2.7,No,Bank Transfer,Store Pickup,No,No,48,Credit Card,Fortnightly,2
2609,2609,66,Male,Williams F1 Team Backpack,Accessories,82.4896023002662,Arkansas,Summer,3,No,Credit Card,Store Pickup,No,No,18,Debit Card,Bi-Weekly,0
3311,3311,29,Female,Williams F1 Team Phone Case,Tech Gear,17.119353652574127,Florida,Summer,4,No,PayPal,Express,No,No,18,Bank Transfer,Annually,1
2634,2634,26,Male,Williams F1 Team Travel Mug,Drinkware,17.74092617665129,North Carolina,Summer,3.2,No,Cash,Store Pickup,No,No,20,PayPal,Every 3 Months,1
261,261,21,Male,Williams F1 Team T-shirt,Clothing,33.64202777160751,California,Winter,4.9,Yes,Cash,Standard,Yes,Yes,21,Credit Card,Annually,1
